p1_encoder, p1_pressed, p1_pressed_nmz, ,p2_encoder, p2_pressed, p2_pressed_nmz, ,p1_degree, p1_pressed, p1_pressed_nmz, ,p2_degree, p2_pressed, p2_pressed_nmz
4186388,21300,0.99929627, ,4202250,21165,0.993195683, ,88.655876,21300,0.99929627, ,91.640204,21165,0.993195683
4186382,21300,0.99929627, ,4202252,21165,0.993195683, ,88.654746,21300,0.99929627, ,91.640957,21165,0.993195683
4186377,21300,0.99929627, ,4202253,21165,0.993195683, ,88.653617,21300,0.99929627, ,91.641334,21165,0.993195683
4186372,21300,0.99929627, ,4202256,21165,0.993195683, ,88.652676,21300,0.99929627, ,91.641522,21165,0.993195683
4186368,21300,0.99929627, ,4202258,21165,0.993195683, ,88.651923,21300,0.99929627, ,91.641898,21165,0.993195683
4186364,21300,0.99929627, ,4202259,21165,0.993195683, ,88.65117,21300,0.99929627, ,91.642275,21165,0.993195683
4186362,21300,0.99929627, ,4202261,21165,0.993195683, ,88.650605,21300,0.99929627, ,91.642651,21165,0.993195683
4186359,21300,0.99929627, ,4202262,21165,0.993195683, ,88.649853,21300,0.99929627, ,91.642839,21165,0.993195683
4186356,21300,0.99929627, ,4202263,21165,0.993195683, ,88.649476,21300,0.99929627, ,91.643216,21165,0.993195683
4186354,21300,0.99929627, ,4202265,21165,0.993195683, ,88.648911,21300,0.99929627, ,91.643404,21165,0.993195683
4186352,21300,0.99929627, ,4202265,21165,0.993195683, ,88.648535,21300,0.99929627, ,91.643592,21165,0.993195683
4186351,21300,0.99929627, ,4202266,21165,0.993195683, ,88.648347,21300,0.99929627, ,91.643781,21165,0.993195683
4186350,21300,0.99929627, ,4202266,21165,0.993195683, ,88.64797,21300,0.99929627, ,91.643781,21165,0.993195683
4186349,21300,0.99929627, ,4202267,21160,0.992961051, ,88.647782,21300,0.99929627, ,91.643969,21160,0.992961051
4186349,21300,0.99929627, ,4202265,21160,0.992961051, ,88.647782,21300,0.99929627, ,91.643781,21160,0.992961051
4186349,21300,0.99929627, ,4202264,21160,0.992961051, ,88.647782,21300,0.99929627, ,91.643404,21160,0.992961051
4186349,21300,0.99929627, ,4202263,21160,0.992961051, ,88.647782,21300,0.99929627, ,91.643216,21160,0.992961051
4186349,21300,0.99929627, ,4202262,21160,0.992961051, ,88.647782,21300,0.99929627, ,91.643028,21160,0.992961051
4186349,21300,0.99929627, ,4202261,21160,0.992961051, ,88.647782,21300,0.99929627, ,91.643028,21160,0.992961051
4186349,21300,0.99929627, ,4202260,21160,0.992961051, ,88.647782,21300,0.99929627, ,91.642839,21160,0.992961051
4186349,21300,0.99929627, ,4202259,21160,0.992961051, ,88.647782,21300,0.99929627, ,91.642651,21160,0.992961051
4186350,21300,0.99929627, ,4202258,21160,0.992961051, ,88.647782,21300,0.99929627, ,91.642463,21160,0.992961051
4186350,21300,0.99929627, ,4202257,21160,0.992961051, ,88.64797,21300,0.99929627, ,91.642275,21160,0.992961051
4186351,21300,0.99929627, ,4202255,21160,0.992961051, ,88.64797,21300,0.99929627, ,91.641898,21160,0.992961051
4186352,21300,0.99929627, ,4202254,21160,0.992961051, ,88.648158,21300,0.99929627, ,91.64171,21160,0.992961051
4186352,21300,0.99929627, ,4202252,21160,0.992961051, ,88.648347,21300,0.99929627, ,91.641334,21160,0.992961051
4186353,21300,0.99929627, ,4202251,21160,0.992961051, ,88.648535,21300,0.99929627, ,91.641145,21160,0.992961051
4186354,21300,0.99929627, ,4202249,21160,0.992961051, ,88.648723,21300,0.99929627, ,91.640769,21160,0.992961051
4186355,21300,0.99929627, ,4202248,21160,0.992961051, ,88.648911,21300,0.99929627, ,91.640581,21160,0.992961051
4186357,21300,0.99929627, ,4202246,21160,0.992961051, ,88.6491,21300,0.99929627, ,91.640204,21160,0.992961051
4186358,21300,0.99929627, ,4202244,21160,0.992961051, ,88.649288,21300,0.99929627, ,91.639828,21160,0.992961051
4186360,21300,0.99929627, ,4202242,21160,0.992961051, ,88.649476,21300,0.99929627, ,91.639451,21160,0.992961051
4186361,21300,0.99929627, ,4202240,21160,0.992961051, ,88.649853,21300,0.99929627, ,91.639075,21160,0.992961051
4186363,21300,0.99929627, ,4202238,21160,0.992961051, ,88.650229,21300,0.99929627, ,91.638698,21160,0.992961051
4186365,21300,0.99929627, ,4202236,21160,0.992961051, ,88.650605,21300,0.99929627, ,91.638322,21160,0.992961051
4186368,21300,0.99929627, ,4202233,21160,0.992961051, ,88.650982,21300,0.99929627, ,91.637946,21160,0.992961051
4186370,21300,0.99929627, ,4202231,21160,0.992961051, ,88.651547,21300,0.99929627, ,91.637381,21160,0.992961051
4186373,21300,0.99929627, ,4202228,21160,0.992961051, ,88.651923,21300,0.99929627, ,91.637004,21160,0.992961051
4186376,21300,0.99929627, ,4202225,21160,0.992961051, ,88.652488,21300,0.99929627, ,91.63644,21160,0.992961051
4186379,21300,0.99929627, ,4202222,21165,0.993195683, ,88.653052,21300,0.99929627, ,91.635875,21165,0.993195683
4186382,21300,0.99929627, ,4202219,21165,0.993195683, ,88.653617,21300,0.99929627, ,91.63531,21165,0.993195683
4186386,21300,0.99929627, ,4202215,21165,0.993195683, ,88.654182,21300,0.99929627, ,91.634557,21165,0.993195683
4186390,21300,0.99929627, ,4202212,21165,0.993195683, ,88.654935,21300,0.99929627, ,91.633993,21165,0.993195683
4186393,21300,0.99929627, ,4202208,21165,0.993195683, ,88.655688,21300,0.99929627, ,91.63324,21165,0.993195683
4186397,21300,0.99929627, ,4202204,21165,0.993195683, ,88.65644,21300,0.99929627, ,91.632487,21165,0.993195683
4186402,21300,0.99929627, ,4202200,21165,0.993195683, ,88.657193,21300,0.99929627, ,91.631734,21165,0.993195683
4186406,21300,0.99929627, ,4202195,21165,0.993195683, ,88.657946,21300,0.99929627, ,91.630981,21165,0.993195683
4186411,21300,0.99929627, ,4202191,21165,0.993195683, ,88.658887,21300,0.99929627, ,91.63004,21165,0.993195683
4186416,21300,0.99929627, ,4202185,21165,0.993195683, ,88.659829,21300,0.99929627, ,91.629099,21165,0.993195683
4186422,21300,0.99929627, ,4202180,21165,0.993195683, ,88.66077,21300,0.99929627, ,91.628158,21165,0.993195683
4186427,21300,0.99929627, ,4202175,21165,0.993195683, ,88.661711,21300,0.99929627, ,91.627217,21165,0.993195683
4186433,21300,0.99929627, ,4202169,21165,0.993195683, ,88.66284,21300,0.99929627, ,91.626087,21165,0.993195683
4186439,21300,0.99929627, ,4202163,21165,0.993195683, ,88.663969,21300,0.99929627, ,91.624958,21165,0.993195683
4186446,21300,0.99929627, ,4202156,21165,0.993195683, ,88.665099,21300,0.99929627, ,91.623829,21165,0.993195683
4186452,21300,0.99929627, ,4202150,21165,0.993195683, ,88.666416,21300,0.99929627, ,91.622511,21165,0.993195683
4186459,21300,0.99929627, ,4202143,21165,0.993195683, ,88.667734,21300,0.99929627, ,91.621382,21165,0.993195683
4186466,21300,0.99929627, ,4202136,21165,0.993195683, ,88.668863,21300,0.99929627, ,91.620064,21165,0.993195683
4186474,21300,0.99929627, ,4202129,21165,0.993195683, ,88.670369,21300,0.99929627, ,91.618746,21165,0.993195683
4186481,21300,0.99929627, ,4202122,21165,0.993195683, ,88.671875,21300,0.99929627, ,91.617429,21165,0.993195683
4186490,21300,0.99929627, ,4202115,21165,0.993195683, ,88.673193,21300,0.99929627, ,91.616111,21165,0.993195683
4186498,21300,0.99929627, ,4202107,21165,0.993195683, ,88.674698,21300,0.99929627, ,91.614605,21165,0.993195683
4186506,21300,0.99929627, ,4202099,21165,0.993195683, ,88.676204,21300,0.99929627, ,91.6131,21165,0.993195683
4186514,21300,0.99929627, ,4202091,21165,0.993195683, ,88.677898,21300,0.99929627, ,91.611782,21165,0.993195683
4186522,21300,0.99929627, ,4202083,21165,0.993195683, ,88.679404,21300,0.99929627, ,91.610088,21165,0.993195683
4186531,21300,0.99929627, ,4202075,21170,0.993430314, ,88.68091,21300,0.99929627, ,91.608582,21170,0.993430314
4186539,21300,0.99929627, ,4202066,21170,0.993430314, ,88.682604,21300,0.99929627, ,91.607076,21170,0.993430314
4186548,21300,0.99929627, ,4202058,21170,0.993430314, ,88.684298,21300,0.99929627, ,91.605382,21170,0.993430314
4186557,21300,0.99929627, ,4202048,21170,0.993430314, ,88.685992,21300,0.99929627, ,91.603877,21170,0.993430314
4186566,21300,0.99929627, ,4202040,21170,0.993430314, ,88.687498,21300,0.99929627, ,91.602183,21170,0.993430314
4186575,21300,0.99929627, ,4202030,21170,0.993430314, ,88.689192,21300,0.99929627, ,91.600489,21170,0.993430314
4186585,21300,0.99929627, ,4202022,21170,0.993430314, ,88.691074,21300,0.99929627, ,91.598794,21170,0.993430314
4186594,21300,0.99929627, ,4202013,21170,0.993430314, ,88.692768,21300,0.99929627, ,91.5971,21170,0.993430314
4186604,21300,0.99929627, ,4202004,21170,0.993430314, ,88.694462,21300,0.99929627, ,91.595406,21170,0.993430314
4186613,21300,0.99929627, ,4201995,21170,0.993430314, ,88.696344,21300,0.99929627, ,91.593712,21170,0.993430314
4186623,21295,0.999061694, ,4201986,21170,0.993430314, ,88.698227,21295,0.999061694, ,91.592018,21170,0.993430314
4186633,21295,0.999061694, ,4201977,21170,0.993430314, ,88.699921,21295,0.999061694, ,91.590324,21170,0.993430314
4186642,21295,0.999061694, ,4201968,21170,0.993430314, ,88.701803,21295,0.999061694, ,91.58863,21170,0.993430314
4186652,21295,0.999061694, ,4201959,21170,0.993430314, ,88.703685,21295,0.999061694, ,91.586936,21170,0.993430314
4186662,21295,0.999061694, ,4201950,21170,0.993430314, ,88.705379,21295,0.999061694, ,91.585242,21170,0.993430314
4186671,21295,0.999061694, ,4201942,21170,0.993430314, ,88.707262,21295,0.999061694, ,91.583736,21170,0.993430314
4186681,21295,0.999061694, ,4201933,21170,0.993430314, ,88.709144,21295,0.999061694, ,91.582042,21170,0.993430314
4186690,21295,0.999061694, ,4201924,21170,0.993430314, ,88.711026,21295,0.999061694, ,91.580348,21170,0.993430314
4186700,21295,0.999061694, ,4201915,21170,0.993430314, ,88.71272,21295,0.999061694, ,91.578654,21170,0.993430314
4186709,21295,0.999061694, ,4201907,21170,0.993430314, ,88.714602,21295,0.999061694, ,91.577148,21170,0.993430314
4186719,21295,0.999061694, ,4201898,21170,0.993430314, ,88.716296,21295,0.999061694, ,91.575454,21170,0.993430314
4186728,21295,0.999061694, ,4201890,21170,0.993430314, ,88.71799,21295,0.999061694, ,91.573949,21170,0.993430314
4186736,21295,0.999061694, ,4201881,21170,0.993430314, ,88.719684,21295,0.999061694, ,91.572255,21170,0.993430314
4186746,21295,0.999061694, ,4201873,21170,0.993430314, ,88.721567,21295,0.999061694, ,91.570561,21170,0.993430314
4186756,21295,0.999061694, ,4201864,21170,0.993430314, ,88.723261,21295,0.999061694, ,91.569055,21170,0.993430314
4186765,21290,0.998827117, ,4201856,21170,0.993430314, ,88.724955,21290,0.998827117, ,91.567549,21170,0.993430314
4186774,21290,0.998827117, ,4201848,21170,0.993430314, ,88.726649,21290,0.998827117, ,91.566043,21170,0.993430314
4186783,21290,0.998827117, ,4201840,21170,0.993430314, ,88.728343,21290,0.998827117, ,91.564349,21170,0.993430314
4186792,21290,0.998827117, ,4201831,21170,0.993430314, ,88.730037,21290,0.998827117, ,91.562843,21170,0.993430314
4186801,21290,0.998827117, ,4201823,21170,0.993430314, ,88.731731,21290,0.998827117, ,91.561337,21170,0.993430314
4186809,21290,0.998827117, ,4201815,21170,0.993430314, ,88.733425,21290,0.998827117, ,91.559832,21170,0.993430314
4186818,21290,0.998827117, ,4201807,21170,0.993430314, ,88.734931,21290,0.998827117, ,91.558138,21170,0.993430314
4186827,21285,0.99859254, ,4201798,21170,0.993430314, ,88.736625,21285,0.99859254, ,91.556632,21170,0.993430314
4186835,21285,0.99859254, ,4201790,21170,0.993430314, ,88.738319,21285,0.99859254, ,91.555126,21170,0.993430314
4186843,21285,0.99859254, ,4201782,21170,0.993430314, ,88.739825,21285,0.99859254, ,91.55362,21170,0.993430314
4186851,21285,0.99859254, ,4201772,21175,0.993664946, ,88.741331,21285,0.99859254, ,91.551926,21175,0.993664946
4186859,21285,0.99859254, ,4201764,21175,0.993664946, ,88.742836,21285,0.99859254, ,91.550044,21175,0.993664946
4186868,21285,0.99859254, ,4201756,21175,0.993664946, ,88.744342,21285,0.99859254, ,91.548538,21175,0.993664946
4186876,21285,0.99859254, ,4201747,21175,0.993664946, ,88.746036,21285,0.99859254, ,91.547032,21175,0.993664946
4186884,21285,0.99859254, ,4201739,21175,0.993664946, ,88.747542,21285,0.99859254, ,91.545526,21175,0.993664946
4186892,21285,0.99859254, ,4201731,21175,0.993664946, ,88.749048,21285,0.99859254, ,91.543832,21175,0.993664946
4186901,21285,0.99859254, ,4201722,21175,0.993664946, ,88.750742,21285,0.99859254, ,91.542327,21175,0.993664946
4186909,21285,0.99859254, ,4201714,21175,0.993664946, ,88.752248,21285,0.99859254, ,91.540821,21175,0.993664946
4186917,21285,0.99859254, ,4201706,21175,0.993664946, ,88.753753,21285,0.99859254, ,91.539127,21175,0.993664946
4186926,21280,0.998357964, ,4201697,21175,0.993664946, ,88.755447,21280,0.998357964, ,91.537621,21175,0.993664946
4186935,21280,0.998357964, ,4201689,21175,0.993664946, ,88.756953,21280,0.998357964, ,91.535927,21175,0.993664946
4186942,21280,0.998357964, ,4201680,21175,0.993664946, ,88.758647,21280,0.998357964, ,91.534421,21175,0.993664946
4186951,21280,0.998357964, ,4201672,21175,0.993664946, ,88.759965,21280,0.998357964, ,91.532915,21175,0.993664946
4186959,21280,0.998357964, ,4201664,21180,0.993899578, ,88.761471,21280,0.998357964, ,91.531409,21180,0.993899578
4186967,21280,0.998357964, ,4201656,21180,0.993899578, ,88.762977,21280,0.998357964, ,91.529715,21180,0.993899578
4186974,21280,0.998357964, ,4201647,21180,0.993899578, ,88.764671,21280,0.998357964, ,91.52821,21180,0.993899578
4186983,21280,0.998357964, ,4201639,21180,0.993899578, ,88.765988,21280,0.998357964, ,91.526704,21180,0.993899578
4186990,21280,0.998357964, ,4201631,21180,0.993899578, ,88.767494,21280,0.998357964, ,91.52501,21180,0.993899578
4186998,21280,0.998357964, ,4201622,21180,0.993899578, ,88.769,21280,0.998357964, ,91.523504,21180,0.993899578
4187006,21280,0.998357964, ,4201614,21180,0.993899578, ,88.770506,21280,0.998357964, ,91.521998,21180,0.993899578
4187014,21280,0.998357964, ,4201606,21180,0.993899578, ,88.772011,21280,0.998357964, ,91.520304,21180,0.993899578
4187022,21280,0.998357964, ,4201598,21180,0.993899578, ,88.773517,21280,0.998357964, ,91.518798,21180,0.993899578
4187029,21280,0.998357964, ,4201590,21180,0.993899578, ,88.775023,21280,0.998357964, ,91.517292,21180,0.993899578
4187038,21280,0.998357964, ,4201582,21180,0.993899578, ,88.776529,21280,0.998357964, ,91.515787,21180,0.993899578
4187046,21280,0.998357964, ,4201574,21180,0.993899578, ,88.777846,21280,0.998357964, ,91.514281,21180,0.993899578
4187053,21280,0.998357964, ,4201565,21180,0.993899578, ,88.779352,21280,0.998357964, ,91.512775,21180,0.993899578
4187062,21280,0.998357964, ,4201557,21180,0.993899578, ,88.780858,21280,0.998357964, ,91.511269,21180,0.993899578
4187069,21280,0.998357964, ,4201549,21180,0.993899578, ,88.782364,21280,0.998357964, ,91.509763,21180,0.993899578
4187078,21280,0.998357964, ,4201542,21180,0.993899578, ,88.78387,21280,0.998357964, ,91.508258,21180,0.993899578
4187085,21280,0.998357964, ,4201533,21180,0.993899578, ,88.785375,21280,0.998357964, ,91.506752,21180,0.993899578
4187093,21280,0.998357964, ,4201526,21180,0.993899578, ,88.786881,21280,0.998357964, ,91.505246,21180,0.993899578
4187100,21280,0.998357964, ,4201517,21180,0.993899578, ,88.788199,21280,0.998357964, ,91.50374,21180,0.993899578
4187108,21280,0.998357964, ,4201509,21180,0.993899578, ,88.789705,21280,0.998357964, ,91.502234,21180,0.993899578
4187116,21280,0.998357964, ,4201501,21180,0.993899578, ,88.79121,21280,0.998357964, ,91.500729,21180,0.993899578
4187124,21280,0.998357964, ,4201493,21180,0.993899578, ,88.792716,21280,0.998357964, ,91.499223,21180,0.993899578
4187131,21280,0.998357964, ,4201485,21180,0.993899578, ,88.794222,21280,0.998357964, ,91.497717,21180,0.993899578
4187139,21280,0.998357964, ,4201477,21180,0.993899578, ,88.79554,21280,0.998357964, ,91.496211,21180,0.993899578
4187148,21280,0.998357964, ,4201469,21180,0.993899578, ,88.797046,21280,0.998357964, ,91.494517,21180,0.993899578
4187156,21280,0.998357964, ,4201461,21180,0.993899578, ,88.798551,21280,0.998357964, ,91.493011,21180,0.993899578
4187163,21280,0.998357964, ,4201452,21180,0.993899578, ,88.800057,21280,0.998357964, ,91.491505,21180,0.993899578
4187172,21280,0.998357964, ,4201444,21180,0.993899578, ,88.801563,21280,0.998357964, ,91.49,21180,0.993899578
4187180,21275,0.998123387, ,4201436,21180,0.993899578, ,88.803257,21275,0.998123387, ,91.488494,21180,0.993899578
4187189,21275,0.998123387, ,4201428,21180,0.993899578, ,88.804763,21275,0.998123387, ,91.486988,21180,0.993899578
4187197,21275,0.998123387, ,4201420,21180,0.993899578, ,88.806269,21275,0.998123387, ,91.485482,21180,0.993899578
4187205,21275,0.998123387, ,4201412,21180,0.993899578, ,88.807774,21275,0.998123387, ,91.483788,21180,0.993899578
4187213,21275,0.998123387, ,4201404,21180,0.993899578, ,88.80928,21275,0.998123387, ,91.482282,21180,0.993899578
4187220,21275,0.998123387, ,4201396,21180,0.993899578, ,88.810974,21275,0.998123387, ,91.480777,21180,0.993899578
4187229,21275,0.998123387, ,4201388,21180,0.993899578, ,88.81248,21275,0.998123387, ,91.479271,21180,0.993899578
4187237,21275,0.998123387, ,4201380,21180,0.993899578, ,88.813986,21275,0.998123387, ,91.477765,21180,0.993899578
4187245,21275,0.998123387, ,4201372,21180,0.993899578, ,88.815492,21275,0.998123387, ,91.476259,21180,0.993899578
4187254,21275,0.998123387, ,4201363,21180,0.993899578, ,88.816998,21275,0.998123387, ,91.474753,21180,0.993899578
4187262,21275,0.998123387, ,4201355,21180,0.993899578, ,88.818503,21275,0.998123387, ,91.473248,21180,0.993899578
4187270,21275,0.998123387, ,4201347,21180,0.993899578, ,88.820009,21275,0.998123387, ,91.471553,21180,0.993899578
4187278,21275,0.998123387, ,4201339,21180,0.993899578, ,88.821515,21275,0.998123387, ,91.470048,21180,0.993899578
4187285,21270,0.997888811, ,4201331,21185,0.994134209, ,88.823021,21270,0.997888811, ,91.468542,21185,0.994134209
4187294,21270,0.997888811, ,4201322,21185,0.994134209, ,88.824527,21270,0.997888811, ,91.467036,21185,0.994134209
4187301,21270,0.997888811, ,4201314,21185,0.994134209, ,88.826032,21270,0.997888811, ,91.46553,21185,0.994134209
4187309,21270,0.997888811, ,4201306,21185,0.994134209, ,88.827538,21270,0.997888811, ,91.464024,21185,0.994134209
4187317,21270,0.997888811, ,4201298,21185,0.994134209, ,88.829044,21270,0.997888811, ,91.46233,21185,0.994134209
4187325,21270,0.997888811, ,4201290,21185,0.994134209, ,88.83055,21270,0.997888811, ,91.460825,21185,0.994134209
4187333,21270,0.997888811, ,4201282,21185,0.994134209, ,88.832056,21270,0.997888811, ,91.459319,21185,0.994134209
4187341,21270,0.997888811, ,4201274,21185,0.994134209, ,88.833561,21270,0.997888811, ,91.457813,21185,0.994134209
4187348,21270,0.997888811, ,4201266,21185,0.994134209, ,88.834879,21270,0.997888811, ,91.456307,21185,0.994134209
4187356,21270,0.997888811, ,4201258,21185,0.994134209, ,88.836385,21270,0.997888811, ,91.45499,21185,0.994134209
4187364,21270,0.997888811, ,4201250,21185,0.994134209, ,88.837891,21270,0.997888811, ,91.453296,21185,0.994134209
4187371,21270,0.997888811, ,4201242,21185,0.994134209, ,88.839208,21270,0.997888811, ,91.451978,21185,0.994134209
4187379,21270,0.997888811, ,4201234,21185,0.994134209, ,88.840714,21270,0.997888811, ,91.450472,21185,0.994134209
4187386,21270,0.997888811, ,4201226,21185,0.994134209, ,88.84222,21270,0.997888811, ,91.448966,21185,0.994134209
4187394,21270,0.997888811, ,4201218,21185,0.994134209, ,88.843537,21270,0.997888811, ,91.44746,21185,0.994134209
4187402,21270,0.997888811, ,4201210,21185,0.994134209, ,88.845043,21270,0.997888811, ,91.445955,21185,0.994134209
4187409,21270,0.997888811, ,4201202,21190,0.994368841, ,88.846361,21270,0.997888811, ,91.444449,21190,0.994368841
4187417,21270,0.997888811, ,4201194,21190,0.994368841, ,88.847867,21270,0.997888811, ,91.442943,21190,0.994368841
4187425,21270,0.997888811, ,4201187,21190,0.994368841, ,88.849372,21270,0.997888811, ,91.441437,21190,0.994368841
4187432,21270,0.997888811, ,4201178,21190,0.994368841, ,88.85069,21270,0.997888811, ,91.439931,21190,0.994368841
4187440,21270,0.997888811, ,4201171,21190,0.994368841, ,88.852196,21270,0.997888811, ,91.438426,21190,0.994368841
4187448,21270,0.997888811, ,4201163,21190,0.994368841, ,88.853702,21270,0.997888811, ,91.43692,21190,0.994368841
4187456,21270,0.997888811, ,4201155,21185,0.994134209, ,88.855207,21270,0.997888811, ,91.435414,21185,0.994134209
4187464,21270,0.997888811, ,4201147,21185,0.994134209, ,88.856713,21270,0.997888811, ,91.433908,21185,0.994134209
4187473,21270,0.997888811, ,4201139,21185,0.994134209, ,88.858219,21270,0.997888811, ,91.432402,21185,0.994134209
4187480,21270,0.997888811, ,4201131,21185,0.994134209, ,88.859725,21270,0.997888811, ,91.431085,21185,0.994134209
4187488,21270,0.997888811, ,4201123,21185,0.994134209, ,88.861231,21270,0.997888811, ,91.429391,21185,0.994134209
4187496,21270,0.997888811, ,4201115,21185,0.994134209, ,88.862736,21270,0.997888811, ,91.428073,21185,0.994134209
4187504,21270,0.997888811, ,4201107,21185,0.994134209, ,88.864242,21270,0.997888811, ,91.426567,21185,0.994134209
4187512,21270,0.997888811, ,4201099,21185,0.994134209, ,88.865748,21270,0.997888811, ,91.425062,21185,0.994134209
4187520,21270,0.997888811, ,4201091,21185,0.994134209, ,88.867254,21270,0.997888811, ,91.423556,21185,0.994134209
4187528,21270,0.997888811, ,4201083,21185,0.994134209, ,88.86876,21270,0.997888811, ,91.42205,21185,0.994134209
4187536,21275,0.998123387, ,4201075,21185,0.994134209, ,88.870077,21275,0.998123387, ,91.420356,21185,0.994134209
4187543,21275,0.998123387, ,4201067,21185,0.994134209, ,88.871583,21275,0.998123387, ,91.41885,21185,0.994134209
4187551,21275,0.998123387, ,4201059,21185,0.994134209, ,88.873089,21275,0.998123387, ,91.417344,21185,0.994134209
4187559,21275,0.998123387, ,4201050,21185,0.994134209, ,88.874595,21275,0.998123387, ,91.415838,21185,0.994134209
4187567,21275,0.998123387, ,4201043,21185,0.994134209, ,88.876101,21275,0.998123387, ,91.414333,21185,0.994134209
4187575,21275,0.998123387, ,4201034,21185,0.994134209, ,88.877606,21275,0.998123387, ,91.412827,21185,0.994134209
4187583,21275,0.998123387, ,4201026,21185,0.994134209, ,88.879112,21275,0.998123387, ,91.411321,21185,0.994134209
4187591,21275,0.998123387, ,4201018,21185,0.994134209, ,88.880618,21275,0.998123387, ,91.409815,21185,0.994134209
4187600,21275,0.998123387, ,4201010,21185,0.994134209, ,88.882124,21275,0.998123387, ,91.408309,21185,0.994134209
4187607,21275,0.998123387, ,4201003,21185,0.994134209, ,88.88363,21275,0.998123387, ,91.406615,21185,0.994134209
4187615,21275,0.998123387, ,4200994,21185,0.994134209, ,88.885135,21275,0.998123387, ,91.405298,21185,0.994134209
4187624,21275,0.998123387, ,4200986,21185,0.994134209, ,88.886641,21275,0.998123387, ,91.403792,21185,0.994134209
4187631,21275,0.998123387, ,4200978,21185,0.994134209, ,88.888147,21275,0.998123387, ,91.402098,21185,0.994134209
4187639,21275,0.998123387, ,4200969,21185,0.994134209, ,88.889653,21275,0.998123387, ,91.400592,21185,0.994134209
4187648,21275,0.998123387, ,4200961,21185,0.994134209, ,88.891159,21275,0.998123387, ,91.399086,21185,0.994134209
4187655,21275,0.998123387, ,4200953,21185,0.994134209, ,88.892853,21275,0.998123387, ,91.397581,21185,0.994134209
4187664,21275,0.998123387, ,4200945,21185,0.994134209, ,88.89417,21275,0.998123387, ,91.396075,21185,0.994134209
4187671,21275,0.998123387, ,4200937,21185,0.994134209, ,88.895676,21275,0.998123387, ,91.394569,21185,0.994134209
4187679,21275,0.998123387, ,4200929,21185,0.994134209, ,88.897182,21275,0.998123387, ,91.393063,21185,0.994134209
4187687,21275,0.998123387, ,4200921,21185,0.994134209, ,88.8985,21275,0.998123387, ,91.391557,21185,0.994134209
4187695,21275,0.998123387, ,4200913,21185,0.994134209, ,88.900005,21275,0.998123387, ,91.390051,21185,0.994134209
4187703,21275,0.998123387, ,4200905,21185,0.994134209, ,88.901511,21275,0.998123387, ,91.388546,21185,0.994134209
4187710,21275,0.998123387, ,4200898,21185,0.994134209, ,88.903017,21275,0.998123387, ,91.38704,21185,0.994134209
4187718,21275,0.998123387, ,4200889,21185,0.994134209, ,88.904523,21275,0.998123387, ,91.385346,21185,0.994134209
4187727,21275,0.998123387, ,4200881,21185,0.994134209, ,88.906029,21275,0.998123387, ,91.384028,21185,0.994134209
4187735,21275,0.998123387, ,4200873,21185,0.994134209, ,88.907723,21275,0.998123387, ,91.382522,21185,0.994134209
4187743,21275,0.998123387, ,4200865,21185,0.994134209, ,88.909228,21275,0.998123387, ,91.381017,21185,0.994134209
4187751,21275,0.998123387, ,4200858,21185,0.994134209, ,88.910734,21275,0.998123387, ,91.379511,21185,0.994134209
4187759,21275,0.998123387, ,4200850,21185,0.994134209, ,88.91224,21275,0.998123387, ,91.378005,21185,0.994134209
4187768,21275,0.998123387, ,4200842,21185,0.994134209, ,88.913746,21275,0.998123387, ,91.376499,21185,0.994134209
4187775,21275,0.998123387, ,4200834,21185,0.994134209, ,88.915252,21275,0.998123387, ,91.374993,21185,0.994134209
4187784,21275,0.998123387, ,4200826,21185,0.994134209, ,88.916757,21275,0.998123387, ,91.373488,21185,0.994134209
4187791,21270,0.997888811, ,4200818,21190,0.994368841, ,88.918263,21270,0.997888811, ,91.371982,21190,0.994368841
4187800,21270,0.997888811, ,4200810,21190,0.994368841, ,88.919769,21270,0.997888811, ,91.370664,21190,0.994368841
4187807,21270,0.997888811, ,4200802,21190,0.994368841, ,88.921275,21270,0.997888811, ,91.369158,21190,0.994368841
4187816,21270,0.997888811, ,4200794,21190,0.994368841, ,88.922781,21270,0.997888811, ,91.367653,21190,0.994368841
4187823,21270,0.997888811, ,4200786,21190,0.994368841, ,88.924287,21270,0.997888811, ,91.366147,21190,0.994368841
4187832,21270,0.997888811, ,4200778,21190,0.994368841, ,88.925792,21270,0.997888811, ,91.364641,21190,0.994368841
4187840,21270,0.997888811, ,4200770,21190,0.994368841, ,88.927486,21270,0.997888811, ,91.363135,21190,0.994368841
4187848,21270,0.997888811, ,4200763,21190,0.994368841, ,88.928992,21270,0.997888811, ,91.361629,21190,0.994368841
4187856,21270,0.997888811, ,4200755,21190,0.994368841, ,88.930498,21270,0.997888811, ,91.360123,21190,0.994368841
4187864,21275,0.998123387, ,4200747,21190,0.994368841, ,88.932004,21275,0.998123387, ,91.358618,21190,0.994368841
4187873,21275,0.998123387, ,4200739,21190,0.994368841, ,88.93351,21275,0.998123387, ,91.3573,21190,0.994368841
4187881,21275,0.998123387, ,4200732,21190,0.994368841, ,88.935015,21275,0.998123387, ,91.355794,21190,0.994368841
4187889,21275,0.998123387, ,4200724,21190,0.994368841, ,88.936709,21275,0.998123387, ,91.354288,21190,0.994368841
4187897,21275,0.998123387, ,4200716,21190,0.994368841, ,88.938215,21275,0.998123387, ,91.352971,21190,0.994368841
4187905,21275,0.998123387, ,4200709,21190,0.994368841, ,88.939721,21275,0.998123387, ,91.351465,21190,0.994368841
4187913,21275,0.998123387, ,4200701,21190,0.994368841, ,88.941227,21275,0.998123387, ,91.349959,21190,0.994368841
4187921,21275,0.998123387, ,4200693,21190,0.994368841, ,88.942544,21275,0.998123387, ,91.348453,21190,0.994368841
4187929,21275,0.998123387, ,4200685,21190,0.994368841, ,88.94405,21275,0.998123387, ,91.347136,21190,0.994368841
4187937,21275,0.998123387, ,4200678,21190,0.994368841, ,88.945556,21275,0.998123387, ,91.34563,21190,0.994368841
4187945,21275,0.998123387, ,4200670,21195,0.994603473, ,88.94725,21275,0.998123387, ,91.344124,21195,0.994603473
4187953,21275,0.998123387, ,4200662,21195,0.994603473, ,88.948568,21275,0.998123387, ,91.342618,21195,0.994603473
4187961,21275,0.998123387, ,4200654,21195,0.994603473, ,88.950074,21275,0.998123387, ,91.341113,21195,0.994603473
4187969,21275,0.998123387, ,4200646,21195,0.994603473, ,88.951768,21275,0.998123387, ,91.339795,21195,0.994603473
4187977,21275,0.998123387, ,4200639,21195,0.994603473, ,88.953273,21275,0.998123387, ,91.338289,21195,0.994603473
4187986,21275,0.998123387, ,4200631,21195,0.994603473, ,88.954779,21275,0.998123387, ,91.336783,21195,0.994603473
4187994,21275,0.998123387, ,4200623,21195,0.994603473, ,88.956473,21275,0.998123387, ,91.335278,21195,0.994603473
4188003,21275,0.998123387, ,4200615,21195,0.994603473, ,88.957979,21275,0.998123387, ,91.333772,21195,0.994603473
4188011,21275,0.998123387, ,4200608,21195,0.994603473, ,88.959485,21275,0.998123387, ,91.332454,21195,0.994603473
4188020,21275,0.998123387, ,4200600,21195,0.994603473, ,88.961179,21275,0.998123387, ,91.330948,21195,0.994603473
4188028,21275,0.998123387, ,4200592,21195,0.994603473, ,88.962685,21275,0.998123387, ,91.329631,21195,0.994603473
4188036,21275,0.998123387, ,4200585,21195,0.994603473, ,88.964379,21275,0.998123387, ,91.328125,21195,0.994603473
4188044,21275,0.998123387, ,4200577,21195,0.994603473, ,88.965885,21275,0.998123387, ,91.326619,21195,0.994603473
4188052,21275,0.998123387, ,4200569,21195,0.994603473, ,88.96739,21275,0.998123387, ,91.325302,21195,0.994603473
4188061,21275,0.998123387, ,4200561,21195,0.994603473, ,88.968896,21275,0.998123387, ,91.323796,21195,0.994603473
4188069,21275,0.998123387, ,4200553,21195,0.994603473, ,88.970402,21275,0.998123387, ,91.32229,21195,0.994603473
4188077,21275,0.998123387, ,4200546,21195,0.994603473, ,88.972096,21275,0.998123387, ,91.320784,21195,0.994603473
4188085,21275,0.998123387, ,4200538,21195,0.994603473, ,88.973602,21275,0.998123387, ,91.319278,21195,0.994603473
4188093,21275,0.998123387, ,4200530,21195,0.994603473, ,88.975108,21275,0.998123387, ,91.317773,21195,0.994603473
4188101,21275,0.998123387, ,4200522,21195,0.994603473, ,88.976613,21275,0.998123387, ,91.316267,21195,0.994603473
4188110,21275,0.998123387, ,4200514,21195,0.994603473, ,88.978119,21275,0.998123387, ,91.314761,21195,0.994603473
4188118,21275,0.998123387, ,4200506,21195,0.994603473, ,88.979625,21275,0.998123387, ,91.313255,21195,0.994603473
4188126,21275,0.998123387, ,4200498,21195,0.994603473, ,88.981131,21275,0.998123387, ,91.311749,21195,0.994603473
4188134,21275,0.998123387, ,4200490,21195,0.994603473, ,88.982825,21275,0.998123387, ,91.310243,21195,0.994603473
4188142,21275,0.998123387, ,4200482,21195,0.994603473, ,88.984331,21275,0.998123387, ,91.308738,21195,0.994603473
4188150,21280,0.998357964, ,4200474,21195,0.994603473, ,88.985837,21280,0.998357964, ,91.307232,21195,0.994603473
4188158,21280,0.998357964, ,4200466,21195,0.994603473, ,88.987342,21280,0.998357964, ,91.305726,21195,0.994603473
4188166,21280,0.998357964, ,4200458,21195,0.994603473, ,88.988848,21280,0.998357964, ,91.304408,21195,0.994603473
4188174,21280,0.998357964, ,4200450,21195,0.994603473, ,88.990354,21280,0.998357964, ,91.302714,21195,0.994603473
4188182,21280,0.998357964, ,4200442,21195,0.994603473, ,88.99186,21280,0.998357964, ,91.301397,21195,0.994603473
4188189,21280,0.998357964, ,4200434,21195,0.994603473, ,88.993366,21280,0.998357964, ,91.299891,21195,0.994603473
4188197,21280,0.998357964, ,4200426,21195,0.994603473, ,88.994683,21280,0.998357964, ,91.298385,21195,0.994603473
4188205,21280,0.998357964, ,4200418,21200,0.994838104, ,88.996189,21280,0.998357964, ,91.296879,21200,0.994838104
4188213,21280,0.998357964, ,4200410,21200,0.994838104, ,88.997695,21280,0.998357964, ,91.295374,21200,0.994838104
4188221,21280,0.998357964, ,4200402,21200,0.994838104, ,88.999012,21280,0.998357964, ,91.293868,21200,0.994838104
4188228,21280,0.998357964, ,4200394,21200,0.994838104, ,89.000518,21280,0.998357964, ,91.292362,21200,0.994838104
4188236,21280,0.998357964, ,4200386,21200,0.994838104, ,89.002024,21280,0.998357964, ,91.290856,21200,0.994838104
4188244,21280,0.998357964, ,4200378,21200,0.994838104, ,89.00353,21280,0.998357964, ,91.28935,21200,0.994838104
4188252,21280,0.998357964, ,4200370,21200,0.994838104, ,89.005036,21280,0.998357964, ,91.287656,21200,0.994838104
4188260,21280,0.998357964, ,4200362,21200,0.994838104, ,89.006541,21280,0.998357964, ,91.286339,21200,0.994838104
4188268,21280,0.998357964, ,4200355,21200,0.994838104, ,89.008047,21280,0.998357964, ,91.284833,21200,0.994838104
4188276,21280,0.998357964, ,4200347,21200,0.994838104, ,89.009553,21280,0.998357964, ,91.283327,21200,0.994838104
4188284,21280,0.998357964, ,4200339,21200,0.994838104, ,89.011059,21280,0.998357964, ,91.281821,21200,0.994838104
4188292,21280,0.998357964, ,4200331,21200,0.994838104, ,89.012565,21280,0.998357964, ,91.280316,21200,0.994838104
4188300,21275,0.998123387, ,4200323,21200,0.994838104, ,89.01407,21275,0.998123387, ,91.27881,21200,0.994838104
4188308,21275,0.998123387, ,4200315,21200,0.994838104, ,89.015576,21275,0.998123387, ,91.277304,21200,0.994838104
4188316,21275,0.998123387, ,4200307,21200,0.994838104, ,89.017082,21275,0.998123387, ,91.275986,21200,0.994838104
4188324,21275,0.998123387, ,4200299,21200,0.994838104, ,89.018588,21275,0.998123387, ,91.27448,21200,0.994838104
4188332,21275,0.998123387, ,4200292,21200,0.994838104, ,89.020094,21275,0.998123387, ,91.272975,21200,0.994838104
4188340,21275,0.998123387, ,4200284,21200,0.994838104, ,89.021411,21275,0.998123387, ,91.271469,21200,0.994838104
4188347,21275,0.998123387, ,4200276,21200,0.994838104, ,89.022917,21275,0.998123387, ,91.269963,21200,0.994838104
4188355,21275,0.998123387, ,4200268,21200,0.994838104, ,89.024423,21275,0.998123387, ,91.268645,21200,0.994838104
4188363,21275,0.998123387, ,4200260,21200,0.994838104, ,89.025929,21275,0.998123387, ,91.26714,21200,0.994838104
4188371,21275,0.998123387, ,4200252,21200,0.994838104, ,89.027435,21275,0.998123387, ,91.265634,21200,0.994838104
4188378,21275,0.998123387, ,4200245,21205,0.995072736, ,89.028752,21275,0.998123387, ,91.264128,21205,0.995072736
4188386,21275,0.998123387, ,4200236,21205,0.995072736, ,89.030258,21275,0.998123387, ,91.262622,21205,0.995072736
4188394,21275,0.998123387, ,4200228,21205,0.995072736, ,89.031764,21275,0.998123387, ,91.261116,21205,0.995072736
4188402,21275,0.998123387, ,4200221,21205,0.995072736, ,89.03327,21275,0.998123387, ,91.259611,21205,0.995072736
4188410,21275,0.998123387, ,4200211,21205,0.995072736, ,89.034775,21275,0.998123387, ,91.258105,21205,0.995072736
4188418,21275,0.998123387, ,4200203,21205,0.995072736, ,89.036093,21275,0.998123387, ,91.256411,21205,0.995072736
4188425,21275,0.998123387, ,4200196,21205,0.995072736, ,89.037599,21275,0.998123387, ,91.254905,21205,0.995072736
4188434,21275,0.998123387, ,4200188,21205,0.995072736, ,89.039105,21275,0.998123387, ,91.253399,21205,0.995072736
4188441,21275,0.998123387, ,4200180,21205,0.995072736, ,89.04061,21275,0.998123387, ,91.251893,21205,0.995072736
4188449,21275,0.998123387, ,4200172,21205,0.995072736, ,89.042116,21275,0.998123387, ,91.250388,21205,0.995072736
4188456,21275,0.998123387, ,4200164,21205,0.995072736, ,89.043434,21275,0.998123387, ,91.248882,21205,0.995072736
4188464,21275,0.998123387, ,4200156,21205,0.995072736, ,89.04494,21275,0.998123387, ,91.247376,21205,0.995072736
4188472,21275,0.998123387, ,4200148,21205,0.995072736, ,89.046445,21275,0.998123387, ,91.24587,21205,0.995072736
4188480,21275,0.998123387, ,4200140,21205,0.995072736, ,89.047951,21275,0.998123387, ,91.244364,21205,0.995072736
4188487,21275,0.998123387, ,4200132,21205,0.995072736, ,89.049269,21275,0.998123387, ,91.242858,21205,0.995072736
4188495,21275,0.998123387, ,4200123,21205,0.995072736, ,89.050775,21275,0.998123387, ,91.241353,21205,0.995072736
4188502,21275,0.998123387, ,4200115,21205,0.995072736, ,89.05228,21275,0.998123387, ,91.239847,21205,0.995072736
4188510,21275,0.998123387, ,4200107,21205,0.995072736, ,89.053598,21275,0.998123387, ,91.238341,21205,0.995072736
4188518,21275,0.998123387, ,4200099,21205,0.995072736, ,89.055104,21275,0.998123387, ,91.236835,21205,0.995072736
4188526,21280,0.998357964, ,4200091,21205,0.995072736, ,89.05661,21280,0.998357964, ,91.235141,21205,0.995072736
4188534,21280,0.998357964, ,4200083,21205,0.995072736, ,89.058115,21280,0.998357964, ,91.233824,21205,0.995072736
4188542,21280,0.998357964, ,4200075,21205,0.995072736, ,89.059621,21280,0.998357964, ,91.23213,21205,0.995072736
4188551,21280,0.998357964, ,4200067,21210,0.995307367, ,89.061127,21280,0.998357964, ,91.230624,21210,0.995307367
4188559,21280,0.998357964, ,4200059,21210,0.995307367, ,89.062633,21280,0.998357964, ,91.229118,21210,0.995307367
4188566,21280,0.998357964, ,4200051,21210,0.995307367, ,89.064327,21280,0.998357964, ,91.227612,21210,0.995307367
4188575,21280,0.998357964, ,4200042,21210,0.995307367, ,89.065833,21280,0.998357964, ,91.226106,21210,0.995307367
4188583,21280,0.998357964, ,4200034,21210,0.995307367, ,89.067339,21280,0.998357964, ,91.224601,21210,0.995307367
4188591,21280,0.998357964, ,4200026,21210,0.995307367, ,89.068844,21280,0.998357964, ,91.223095,21210,0.995307367
4188599,21280,0.998357964, ,4200018,21210,0.995307367, ,89.07035,21280,0.998357964, ,91.221589,21210,0.995307367
4188607,21280,0.998357964, ,4200010,21210,0.995307367, ,89.071856,21280,0.998357964, ,91.220083,21210,0.995307367
4188615,21280,0.998357964, ,4200002,21210,0.995307367, ,89.073362,21280,0.998357964, ,91.218389,21210,0.995307367
4188623,21280,0.998357964, ,4199994,21210,0.995307367, ,89.074868,21280,0.998357964, ,91.216883,21210,0.995307367
4188631,21280,0.998357964, ,4199986,21210,0.995307367, ,89.076373,21280,0.998357964, ,91.215377,21210,0.995307367
4188639,21280,0.998357964, ,4199978,21210,0.995307367, ,89.077879,21280,0.998357964, ,91.213872,21210,0.995307367
4188647,21280,0.998357964, ,4199969,21210,0.995307367, ,89.079385,21280,0.998357964, ,91.212366,21210,0.995307367
4188655,21280,0.998357964, ,4199961,21210,0.995307367, ,89.080891,21280,0.998357964, ,91.21086,21210,0.995307367
4188663,21280,0.998357964, ,4199953,21210,0.995307367, ,89.082397,21280,0.998357964, ,91.209354,21210,0.995307367
4188671,21280,0.998357964, ,4199945,21210,0.995307367, ,89.083902,21280,0.998357964, ,91.20766,21210,0.995307367
4188679,21280,0.998357964, ,4199938,21210,0.995307367, ,89.085408,21280,0.998357964, ,91.206343,21210,0.995307367
4188687,21280,0.998357964, ,4199929,21210,0.995307367, ,89.086914,21280,0.998357964, ,91.204837,21210,0.995307367
4188696,21280,0.998357964, ,4199921,21210,0.995307367, ,89.08842,21280,0.998357964, ,91.203331,21210,0.995307367
4188704,21280,0.998357964, ,4199913,21210,0.995307367, ,89.089926,21280,0.998357964, ,91.201825,21210,0.995307367
4188712,21280,0.998357964, ,4199905,21210,0.995307367, ,89.09162,21280,0.998357964, ,91.200319,21210,0.995307367
4188720,21280,0.998357964, ,4199897,21210,0.995307367, ,89.093126,21280,0.998357964, ,91.198814,21210,0.995307367
4188727,21280,0.998357964, ,4199889,21210,0.995307367, ,89.094631,21280,0.998357964, ,91.197308,21210,0.995307367
4188735,21280,0.998357964, ,4199881,21210,0.995307367, ,89.095949,21280,0.998357964, ,91.195802,21210,0.995307367
4188743,21280,0.998357964, ,4199873,21210,0.995307367, ,89.097455,21280,0.998357964, ,91.194108,21210,0.995307367
4188751,21280,0.998357964, ,4199865,21210,0.995307367, ,89.098961,21280,0.998357964, ,91.19279,21210,0.995307367
4188759,21280,0.998357964, ,4199857,21210,0.995307367, ,89.100466,21280,0.998357964, ,91.191096,21210,0.995307367
4188766,21280,0.998357964, ,4199849,21210,0.995307367, ,89.101784,21280,0.998357964, ,91.18959,21210,0.995307367
4188774,21280,0.998357964, ,4199841,21210,0.995307367, ,89.10329,21280,0.998357964, ,91.188085,21210,0.995307367
4188782,21280,0.998357964, ,4199832,21210,0.995307367, ,89.104796,21280,0.998357964, ,91.186579,21210,0.995307367
4188790,21280,0.998357964, ,4199825,21210,0.995307367, ,89.106301,21280,0.998357964, ,91.185073,21210,0.995307367
4188798,21280,0.998357964, ,4199817,21210,0.995307367, ,89.107807,21280,0.998357964, ,91.183567,21210,0.995307367
4188806,21280,0.998357964, ,4199809,21210,0.995307367, ,89.109313,21280,0.998357964, ,91.182061,21210,0.995307367
4188814,21280,0.998357964, ,4199801,21210,0.995307367, ,89.110819,21280,0.998357964, ,91.180556,21210,0.995307367
4188822,21280,0.998357964, ,4199793,21210,0.995307367, ,89.112325,21280,0.998357964, ,91.17905,21210,0.995307367
4188830,21280,0.998357964, ,4199785,21210,0.995307367, ,89.11383,21280,0.998357964, ,91.177544,21210,0.995307367
4188838,21280,0.998357964, ,4199777,21210,0.995307367, ,89.115336,21280,0.998357964, ,91.176226,21210,0.995307367
4188846,21280,0.998357964, ,4199769,21210,0.995307367, ,89.116842,21280,0.998357964, ,91.174721,21210,0.995307367
4188854,21280,0.998357964, ,4199762,21210,0.995307367, ,89.118348,21280,0.998357964, ,91.173215,21210,0.995307367
4188863,21280,0.998357964, ,4199754,21210,0.995307367, ,89.119854,21280,0.998357964, ,91.171709,21210,0.995307367
4188870,21280,0.998357964, ,4199747,21210,0.995307367, ,89.121359,21280,0.998357964, ,91.170391,21210,0.995307367
4188878,21280,0.998357964, ,4199738,21210,0.995307367, ,89.122865,21280,0.998357964, ,91.168886,21210,0.995307367
4188886,21280,0.998357964, ,4199731,21210,0.995307367, ,89.124371,21280,0.998357964, ,91.16738,21210,0.995307367
4188894,21280,0.998357964, ,4199723,21210,0.995307367, ,89.125877,21280,0.998357964, ,91.165874,21210,0.995307367
4188902,21280,0.998357964, ,4199715,21210,0.995307367, ,89.127383,21280,0.998357964, ,91.164368,21210,0.995307367
4188910,21280,0.998357964, ,4199707,21210,0.995307367, ,89.1287,21280,0.998357964, ,91.162862,21210,0.995307367
4188917,21280,0.998357964, ,4199699,21210,0.995307367, ,89.130206,21280,0.998357964, ,91.161356,21210,0.995307367
4188925,21280,0.998357964, ,4199690,21210,0.995307367, ,89.131712,21280,0.998357964, ,91.159851,21210,0.995307367
4188933,21280,0.998357964, ,4199683,21210,0.995307367, ,89.133218,21280,0.998357964, ,91.158345,21210,0.995307367
4188941,21280,0.998357964, ,4199675,21210,0.995307367, ,89.134535,21280,0.998357964, ,91.156839,21210,0.995307367
4188948,21280,0.998357964, ,4199667,21210,0.995307367, ,89.136041,21280,0.998357964, ,91.155333,21210,0.995307367
4188956,21280,0.998357964, ,4199659,21210,0.995307367, ,89.137547,21280,0.998357964, ,91.153827,21210,0.995307367
4188964,21280,0.998357964, ,4199651,21210,0.995307367, ,89.139053,21280,0.998357964, ,91.152322,21210,0.995307367
4188972,21280,0.998357964, ,4199643,21210,0.995307367, ,89.140559,21280,0.998357964, ,91.150816,21210,0.995307367
4188980,21280,0.998357964, ,4199635,21210,0.995307367, ,89.142064,21280,0.998357964, ,91.14931,21210,0.995307367
4188988,21280,0.998357964, ,4199627,21210,0.995307367, ,89.143382,21280,0.998357964, ,91.147804,21210,0.995307367
4188995,21280,0.998357964, ,4199618,21210,0.995307367, ,89.144888,21280,0.998357964, ,91.146298,21210,0.995307367
4189003,21280,0.998357964, ,4199610,21210,0.995307367, ,89.146394,21280,0.998357964, ,91.144604,21210,0.995307367
4189010,21280,0.998357964, ,4199602,21210,0.995307367, ,89.147899,21280,0.998357964, ,91.143099,21210,0.995307367
4189018,21280,0.998357964, ,4199594,21210,0.995307367, ,89.149217,21280,0.998357964, ,91.141593,21210,0.995307367
4189026,21280,0.998357964, ,4199586,21210,0.995307367, ,89.150723,21280,0.998357964, ,91.140087,21210,0.995307367
4189033,21280,0.998357964, ,4199577,21210,0.995307367, ,89.152229,21280,0.998357964, ,91.138581,21210,0.995307367
4189041,21280,0.998357964, ,4199569,21210,0.995307367, ,89.153546,21280,0.998357964, ,91.136887,21210,0.995307367
4189049,21280,0.998357964, ,4199561,21210,0.995307367, ,89.155052,21280,0.998357964, ,91.135381,21210,0.995307367
4189056,21280,0.998357964, ,4199553,21215,0.995541999, ,89.156558,21280,0.998357964, ,91.133875,21215,0.995541999
4189065,21280,0.998357964, ,4199544,21215,0.995541999, ,89.158064,21280,0.998357964, ,91.132181,21215,0.995541999
4189073,21280,0.998357964, ,4199536,21215,0.995541999, ,89.159381,21280,0.998357964, ,91.130676,21215,0.995541999
4189081,21280,0.998357964, ,4199528,21215,0.995541999, ,89.160887,21280,0.998357964, ,91.12917,21215,0.995541999
4189089,21280,0.998357964, ,4199519,21215,0.995541999, ,89.162393,21280,0.998357964, ,91.127664,21215,0.995541999
4189097,21280,0.998357964, ,4199511,21215,0.995541999, ,89.164087,21280,0.998357964, ,91.126158,21215,0.995541999
4189105,21280,0.998357964, ,4199503,21215,0.995541999, ,89.165593,21280,0.998357964, ,91.124652,21215,0.995541999
4189113,21280,0.998357964, ,4199496,21215,0.995541999, ,89.167098,21280,0.998357964, ,91.123147,21215,0.995541999
4189121,21280,0.998357964, ,4199487,21215,0.995541999, ,89.168604,21280,0.998357964, ,91.121641,21215,0.995541999
4189129,21280,0.998357964, ,4199479,21215,0.995541999, ,89.17011,21280,0.998357964, ,91.120135,21215,0.995541999
4189137,21280,0.998357964, ,4199472,21215,0.995541999, ,89.171616,21280,0.998357964, ,91.118629,21215,0.995541999
4189145,21280,0.998357964, ,4199464,21215,0.995541999, ,89.173122,21280,0.998357964, ,91.117123,21215,0.995541999
4189153,21280,0.998357964, ,4199455,21215,0.995541999, ,89.174628,21280,0.998357964, ,91.115429,21215,0.995541999
4189161,21280,0.998357964, ,4199447,21215,0.995541999, ,89.176133,21280,0.998357964, ,91.113923,21215,0.995541999
4189168,21280,0.998357964, ,4199439,21215,0.995541999, ,89.177639,21280,0.998357964, ,91.112606,21215,0.995541999
4189176,21280,0.998357964, ,4199431,21215,0.995541999, ,89.178957,21280,0.998357964, ,91.1111,21215,0.995541999
4189184,21280,0.998357964, ,4199422,21215,0.995541999, ,89.180463,21280,0.998357964, ,91.109594,21215,0.995541999
4189192,21280,0.998357964, ,4199414,21215,0.995541999, ,89.181968,21280,0.998357964, ,91.107712,21215,0.995541999
4189200,21280,0.998357964, ,4199406,21215,0.995541999, ,89.183474,21280,0.998357964, ,91.106206,21215,0.995541999
4189208,21280,0.998357964, ,4199398,21215,0.995541999, ,89.18498,21280,0.998357964, ,91.1047,21215,0.995541999
4189216,21280,0.998357964, ,4199390,21215,0.995541999, ,89.186486,21280,0.998357964, ,91.103195,21215,0.995541999
4189224,21280,0.998357964, ,4199382,21215,0.995541999, ,89.187992,21280,0.998357964, ,91.101689,21215,0.995541999
4189232,21280,0.998357964, ,4199374,21215,0.995541999, ,89.189497,21280,0.998357964, ,91.100183,21215,0.995541999
4189240,21280,0.998357964, ,4199366,21215,0.995541999, ,89.191003,21280,0.998357964, ,91.098677,21215,0.995541999
4189248,21280,0.998357964, ,4199358,21215,0.995541999, ,89.192509,21280,0.998357964, ,91.097171,21215,0.995541999
4189256,21280,0.998357964, ,4199350,21215,0.995541999, ,89.194015,21280,0.998357964, ,91.095665,21215,0.995541999
4189264,21280,0.998357964, ,4199342,21215,0.995541999, ,89.195521,21280,0.998357964, ,91.09416,21215,0.995541999
4189272,21280,0.998357964, ,4199334,21215,0.995541999, ,89.197026,21280,0.998357964, ,91.092842,21215,0.995541999
4189279,21280,0.998357964, ,4199326,21215,0.995541999, ,89.198344,21280,0.998357964, ,91.091336,21215,0.995541999
4189288,21280,0.998357964, ,4199319,21215,0.995541999, ,89.19985,21280,0.998357964, ,91.08983,21215,0.995541999
4189296,21280,0.998357964, ,4199311,21215,0.995541999, ,89.201544,21280,0.998357964, ,91.088325,21215,0.995541999
4189304,21280,0.998357964, ,4199303,21215,0.995541999, ,89.20305,21280,0.998357964, ,91.086819,21215,0.995541999
4189311,21280,0.998357964, ,4199295,21215,0.995541999, ,89.204367,21280,0.998357964, ,91.085313,21215,0.995541999
4189319,21280,0.998357964, ,4199287,21215,0.995541999, ,89.205873,21280,0.998357964, ,91.083807,21215,0.995541999
4189328,21280,0.998357964, ,4199279,21215,0.995541999, ,89.207379,21280,0.998357964, ,91.082301,21215,0.995541999
4189336,21280,0.998357964, ,4199272,21215,0.995541999, ,89.208885,21280,0.998357964, ,91.080796,21215,0.995541999
4189343,21280,0.998357964, ,4199264,21215,0.995541999, ,89.210391,21280,0.998357964, ,91.079478,21215,0.995541999
4189352,21280,0.998357964, ,4199256,21215,0.995541999, ,89.211896,21280,0.998357964, ,91.077972,21215,0.995541999
4189360,21280,0.998357964, ,4199248,21215,0.995541999, ,89.21359,21280,0.998357964, ,91.076466,21215,0.995541999
4189368,21280,0.998357964, ,4199240,21215,0.995541999, ,89.215096,21280,0.998357964, ,91.075149,21215,0.995541999
4189376,21280,0.998357964, ,4199233,21215,0.995541999, ,89.216602,21280,0.998357964, ,91.073643,21215,0.995541999
4189384,21280,0.998357964, ,4199225,21215,0.995541999, ,89.218108,21280,0.998357964, ,91.072137,21215,0.995541999
4189392,21280,0.998357964, ,4199217,21215,0.995541999, ,89.219614,21280,0.998357964, ,91.070631,21215,0.995541999
4189401,21280,0.998357964, ,4199209,21215,0.995541999, ,89.221308,21280,0.998357964, ,91.069314,21215,0.995541999
4189409,21280,0.998357964, ,4199201,21215,0.995541999, ,89.222813,21280,0.998357964, ,91.067808,21215,0.995541999
4189417,21280,0.998357964, ,4199194,21215,0.995541999, ,89.224319,21280,0.998357964, ,91.066302,21215,0.995541999
4189425,21280,0.998357964, ,4199187,21215,0.995541999, ,89.225825,21280,0.998357964, ,91.064985,21215,0.995541999
4189434,21280,0.998357964, ,4199178,21215,0.995541999, ,89.227331,21280,0.998357964, ,91.063479,21215,0.995541999
4189441,21280,0.998357964, ,4199170,21220,0.995776631, ,89.228837,21280,0.998357964, ,91.061973,21220,0.995776631
4189449,21280,0.998357964, ,4199162,21220,0.995776631, ,89.230343,21280,0.998357964, ,91.060467,21220,0.995776631
4189457,21280,0.998357964, ,4199154,21220,0.995776631, ,89.231848,21280,0.998357964, ,91.058961,21220,0.995776631
4189466,21280,0.998357964, ,4199147,21220,0.995776631, ,89.233354,21280,0.998357964, ,91.057456,21220,0.995776631
4189474,21280,0.998357964, ,4199139,21220,0.995776631, ,89.23486,21280,0.998357964, ,91.05595,21220,0.995776631
4189482,21280,0.998357964, ,4199131,21220,0.995776631, ,89.236554,21280,0.998357964, ,91.054444,21220,0.995776631
4189490,21280,0.998357964, ,4199123,21220,0.995776631, ,89.23806,21280,0.998357964, ,91.053126,21220,0.995776631
4189498,21280,0.998357964, ,4199116,21220,0.995776631, ,89.239566,21280,0.998357964, ,91.051432,21220,0.995776631
4189507,21280,0.998357964, ,4199107,21220,0.995776631, ,89.24126,21280,0.998357964, ,91.050115,21220,0.995776631
4189515,21280,0.998357964, ,4199099,21220,0.995776631, ,89.242765,21280,0.998357964, ,91.048609,21220,0.995776631
4189523,21280,0.998357964, ,4199092,21220,0.995776631, ,89.244271,21280,0.998357964, ,91.047103,21220,0.995776631
4189531,21280,0.998357964, ,4199084,21220,0.995776631, ,89.245777,21280,0.998357964, ,91.045597,21220,0.995776631
4189539,21285,0.99859254, ,4199076,21220,0.995776631, ,89.247283,21285,0.99859254, ,91.044091,21220,0.995776631
4189547,21285,0.99859254, ,4199068,21220,0.995776631, ,89.248789,21285,0.99859254, ,91.042774,21220,0.995776631
4189555,21285,0.99859254, ,4199060,21220,0.995776631, ,89.250295,21285,0.99859254, ,91.041268,21220,0.995776631
4189564,21285,0.99859254, ,4199052,21220,0.995776631, ,89.2518,21285,0.99859254, ,91.039762,21220,0.995776631
4189572,21285,0.99859254, ,4199044,21220,0.995776631, ,89.253306,21285,0.99859254, ,91.038256,21220,0.995776631
4189579,21285,0.99859254, ,4199036,21220,0.995776631, ,89.254812,21285,0.99859254, ,91.036751,21220,0.995776631
4189588,21285,0.99859254, ,4199028,21220,0.995776631, ,89.256318,21285,0.99859254, ,91.035245,21220,0.995776631
4189595,21285,0.99859254, ,4199020,21220,0.995776631, ,89.257824,21285,0.99859254, ,91.033739,21220,0.995776631
4189603,21285,0.99859254, ,4199012,21220,0.995776631, ,89.259329,21285,0.99859254, ,91.032233,21220,0.995776631
4189612,21285,0.99859254, ,4199005,21220,0.995776631, ,89.261023,21285,0.99859254, ,91.030727,21220,0.995776631
4189620,21285,0.99859254, ,4198997,21220,0.995776631, ,89.262529,21285,0.99859254, ,91.029222,21220,0.995776631
4189628,21285,0.99859254, ,4198989,21220,0.995776631, ,89.264035,21285,0.99859254, ,91.027716,21220,0.995776631
4189637,21285,0.99859254, ,4198981,21220,0.995776631, ,89.265541,21285,0.99859254, ,91.02621,21220,0.995776631
4189645,21285,0.99859254, ,4198973,21220,0.995776631, ,89.267235,21285,0.99859254, ,91.024892,21220,0.995776631
4189654,21285,0.99859254, ,4198965,21220,0.995776631, ,89.268741,21285,0.99859254, ,91.023387,21220,0.995776631
4189662,21285,0.99859254, ,4198958,21220,0.995776631, ,89.270435,21285,0.99859254, ,91.021881,21220,0.995776631
4189670,21285,0.99859254, ,4198950,21220,0.995776631, ,89.271941,21285,0.99859254, ,91.020375,21220,0.995776631
4189679,21285,0.99859254, ,4198943,21220,0.995776631, ,89.273446,21285,0.99859254, ,91.019057,21220,0.995776631
4189687,21285,0.99859254, ,4198934,21220,0.995776631, ,89.274952,21285,0.99859254, ,91.017552,21220,0.995776631
4189694,21285,0.99859254, ,4198927,21220,0.995776631, ,89.276458,21285,0.99859254, ,91.016046,21220,0.995776631
4189703,21285,0.99859254, ,4198919,21220,0.995776631, ,89.278152,21285,0.99859254, ,91.01454,21220,0.995776631
4189711,21285,0.99859254, ,4198911,21220,0.995776631, ,89.279658,21285,0.99859254, ,91.013034,21220,0.995776631
4189719,21285,0.99859254, ,4198903,21220,0.995776631, ,89.281164,21285,0.99859254, ,91.011528,21220,0.995776631
4189727,21285,0.99859254, ,4198895,21220,0.995776631, ,89.282669,21285,0.99859254, ,91.010022,21220,0.995776631
4189735,21285,0.99859254, ,4198887,21220,0.995776631, ,89.284175,21285,0.99859254, ,91.008517,21220,0.995776631
4189743,21285,0.99859254, ,4198879,21220,0.995776631, ,89.285681,21285,0.99859254, ,91.007199,21220,0.995776631
4189751,21285,0.99859254, ,4198871,21220,0.995776631, ,89.287187,21285,0.99859254, ,91.005505,21220,0.995776631
4189759,21285,0.99859254, ,4198863,21220,0.995776631, ,89.288693,21285,0.99859254, ,91.004187,21220,0.995776631
4189767,21285,0.99859254, ,4198856,21220,0.995776631, ,89.290199,21285,0.99859254, ,91.002682,21220,0.995776631
4189775,21285,0.99859254, ,4198848,21220,0.995776631, ,89.291704,21285,0.99859254, ,91.001176,21220,0.995776631
4189783,21285,0.99859254, ,4198840,21220,0.995776631, ,89.293022,21285,0.99859254, ,90.99967,21220,0.995776631
4189791,21285,0.99859254, ,4198832,21220,0.995776631, ,89.294716,21285,0.99859254, ,90.998352,21220,0.995776631
4189798,21285,0.99859254, ,4198824,21220,0.995776631, ,89.296222,21285,0.99859254, ,90.996847,21220,0.995776631
4189806,21285,0.99859254, ,4198817,21220,0.995776631, ,89.297539,21285,0.99859254, ,90.995341,21220,0.995776631
4189814,21285,0.99859254, ,4198809,21220,0.995776631, ,89.299045,21285,0.99859254, ,90.993835,21220,0.995776631
4189822,21285,0.99859254, ,4198801,21220,0.995776631, ,89.300551,21285,0.99859254, ,90.992329,21220,0.995776631
4189830,21285,0.99859254, ,4198793,21220,0.995776631, ,89.302057,21285,0.99859254, ,90.990823,21220,0.995776631
4189837,21285,0.99859254, ,4198785,21220,0.995776631, ,89.303374,21285,0.99859254, ,90.989318,21220,0.995776631
4189845,21285,0.99859254, ,4198777,21225,0.996011262, ,89.30488,21285,0.99859254, ,90.988,21225,0.996011262
4189853,21285,0.99859254, ,4198769,21225,0.996011262, ,89.306386,21285,0.99859254, ,90.986494,21225,0.996011262
4189860,21285,0.99859254, ,4198762,21225,0.996011262, ,89.307704,21285,0.99859254, ,90.984988,21225,0.996011262
4189868,21285,0.99859254, ,4198753,21225,0.996011262, ,89.309209,21285,0.99859254, ,90.983483,21225,0.996011262
4189876,21285,0.99859254, ,4198745,21225,0.996011262, ,89.310715,21285,0.99859254, ,90.981977,21225,0.996011262
4189884,21285,0.99859254, ,4198737,21225,0.996011262, ,89.312221,21285,0.99859254, ,90.980471,21225,0.996011262
4189892,21285,0.99859254, ,4198729,21225,0.996011262, ,89.313727,21285,0.99859254, ,90.978965,21225,0.996011262
4189900,21285,0.99859254, ,4198721,21225,0.996011262, ,89.315233,21285,0.99859254, ,90.977459,21225,0.996011262
4189908,21285,0.99859254, ,4198713,21225,0.996011262, ,89.316738,21285,0.99859254, ,90.975954,21225,0.996011262
4189916,21285,0.99859254, ,4198706,21225,0.996011262, ,89.318244,21285,0.99859254, ,90.974448,21225,0.996011262
4189924,21285,0.99859254, ,4198697,21225,0.996011262, ,89.31975,21285,0.99859254, ,90.972942,21225,0.996011262
4189933,21285,0.99859254, ,4198690,21225,0.996011262, ,89.321256,21285,0.99859254, ,90.971624,21225,0.996011262
4189941,21285,0.99859254, ,4198682,21225,0.996011262, ,89.322762,21285,0.99859254, ,90.970119,21225,0.996011262
4189949,21285,0.99859254, ,4198674,21225,0.996011262, ,89.324456,21285,0.99859254, ,90.968613,21225,0.996011262
4189957,21285,0.99859254, ,4198666,21225,0.996011262, ,89.325773,21285,0.99859254, ,90.967107,21225,0.996011262
4189965,21285,0.99859254, ,4198658,21225,0.996011262, ,89.327467,21285,0.99859254, ,90.965601,21225,0.996011262
4189973,21285,0.99859254, ,4198650,21230,0.996245894, ,89.328973,21285,0.99859254, ,90.964095,21230,0.996245894
4189981,21285,0.99859254, ,4198641,21230,0.996245894, ,89.330291,21285,0.99859254, ,90.962401,21230,0.996245894
4189989,21285,0.99859254, ,4198633,21230,0.996245894, ,89.331985,21285,0.99859254, ,90.960895,21230,0.996245894
4189997,21285,0.99859254, ,4198626,21230,0.996245894, ,89.333491,21285,0.99859254, ,90.95939,21230,0.996245894
4190005,21285,0.99859254, ,4198617,21230,0.996245894, ,89.334996,21285,0.99859254, ,90.957884,21230,0.996245894
4190013,21285,0.99859254, ,4198609,21230,0.996245894, ,89.336502,21285,0.99859254, ,90.956378,21230,0.996245894
4190021,21285,0.99859254, ,4198601,21230,0.996245894, ,89.33782,21285,0.99859254, ,90.954872,21230,0.996245894
4190029,21285,0.99859254, ,4198593,21230,0.996245894, ,89.339326,21285,0.99859254, ,90.953366,21230,0.996245894
4190037,21285,0.99859254, ,4198585,21230,0.996245894, ,89.34102,21285,0.99859254, ,90.951861,21230,0.996245894
4190045,21285,0.99859254, ,4198577,21230,0.996245894, ,89.342525,21285,0.99859254, ,90.950355,21230,0.996245894
4190053,21285,0.99859254, ,4198569,21230,0.996245894, ,89.344031,21285,0.99859254, ,90.948849,21230,0.996245894
4190061,21285,0.99859254, ,4198562,21230,0.996245894, ,89.345537,21285,0.99859254, ,90.947343,21230,0.996245894
4190069,21285,0.99859254, ,4198553,21230,0.996245894, ,89.347043,21285,0.99859254, ,90.945837,21230,0.996245894
4190077,21285,0.99859254, ,4198545,21230,0.996245894, ,89.348549,21285,0.99859254, ,90.944332,21230,0.996245894
4190085,21285,0.99859254, ,4198538,21230,0.996245894, ,89.350054,21285,0.99859254, ,90.942826,21230,0.996245894
4190093,21285,0.99859254, ,4198530,21230,0.996245894, ,89.35156,21285,0.99859254, ,90.94132,21230,0.996245894
4190100,21285,0.99859254, ,4198522,21230,0.996245894, ,89.352878,21285,0.99859254, ,90.939814,21230,0.996245894
4190108,21285,0.99859254, ,4198514,21230,0.996245894, ,89.354384,21285,0.99859254, ,90.938308,21230,0.996245894
4190117,21285,0.99859254, ,4198506,21230,0.996245894, ,89.355889,21285,0.99859254, ,90.936802,21230,0.996245894
4190125,21285,0.99859254, ,4198498,21230,0.996245894, ,89.357395,21285,0.99859254, ,90.935297,21230,0.996245894
4190132,21285,0.99859254, ,4198489,21230,0.996245894, ,89.358901,21285,0.99859254, ,90.933791,21230,0.996245894
4190140,21285,0.99859254, ,4198481,21230,0.996245894, ,89.360407,21285,0.99859254, ,90.932285,21230,0.996245894
4190147,21285,0.99859254, ,4198473,21230,0.996245894, ,89.361725,21285,0.99859254, ,90.930779,21230,0.996245894
4190155,21285,0.99859254, ,4198465,21230,0.996245894, ,89.36323,21285,0.99859254, ,90.929273,21230,0.996245894
4190163,21285,0.99859254, ,4198457,21230,0.996245894, ,89.364736,21285,0.99859254, ,90.927768,21230,0.996245894
4190171,21285,0.99859254, ,4198449,21230,0.996245894, ,89.366242,21285,0.99859254, ,90.926262,21230,0.996245894
4190180,21285,0.99859254, ,4198441,21230,0.996245894, ,89.367748,21285,0.99859254, ,90.924568,21230,0.996245894
4190187,21285,0.99859254, ,4198433,21230,0.996245894, ,89.369254,21285,0.99859254, ,90.923062,21230,0.996245894
4190196,21285,0.99859254, ,4198425,21230,0.996245894, ,89.370759,21285,0.99859254, ,90.921556,21230,0.996245894
4190203,21285,0.99859254, ,4198417,21230,0.996245894, ,89.372265,21285,0.99859254, ,90.92005,21230,0.996245894
4190211,21285,0.99859254, ,4198409,21230,0.996245894, ,89.373771,21285,0.99859254, ,90.918545,21230,0.996245894
4190219,21285,0.99859254, ,4198401,21230,0.996245894, ,89.375277,21285,0.99859254, ,90.917039,21230,0.996245894
4190227,21285,0.99859254, ,4198392,21230,0.996245894, ,89.376783,21285,0.99859254, ,90.915533,21230,0.996245894
4190235,21285,0.99859254, ,4198385,21230,0.996245894, ,89.378288,21285,0.99859254, ,90.914027,21230,0.996245894
4190243,21285,0.99859254, ,4198377,21230,0.996245894, ,89.379794,21285,0.99859254, ,90.912521,21230,0.996245894
4190251,21285,0.99859254, ,4198368,21230,0.996245894, ,89.3813,21285,0.99859254, ,90.911015,21230,0.996245894
4190259,21285,0.99859254, ,4198360,21230,0.996245894, ,89.382806,21285,0.99859254, ,90.90951,21230,0.996245894
4190266,21285,0.99859254, ,4198352,21230,0.996245894, ,89.384123,21285,0.99859254, ,90.908004,21230,0.996245894
4190274,21285,0.99859254, ,4198344,21230,0.996245894, ,89.385629,21285,0.99859254, ,90.906498,21230,0.996245894
4190282,21285,0.99859254, ,4198336,21230,0.996245894, ,89.387135,21285,0.99859254, ,90.904992,21230,0.996245894
4190290,21285,0.99859254, ,4198328,21230,0.996245894, ,89.388641,21285,0.99859254, ,90.903486,21230,0.996245894
4190298,21285,0.99859254, ,4198320,21230,0.996245894, ,89.390147,21285,0.99859254, ,90.901981,21230,0.996245894
4190306,21285,0.99859254, ,4198312,21230,0.996245894, ,89.391652,21285,0.99859254, ,90.900475,21230,0.996245894
4190314,21285,0.99859254, ,4198304,21230,0.996245894, ,89.393158,21285,0.99859254, ,90.898969,21230,0.996245894
4190322,21285,0.99859254, ,4198296,21230,0.996245894, ,89.394664,21285,0.99859254, ,90.897463,21230,0.996245894
4190329,21285,0.99859254, ,4198289,21230,0.996245894, ,89.395982,21285,0.99859254, ,90.895957,21230,0.996245894
4190337,21285,0.99859254, ,4198280,21230,0.996245894, ,89.397488,21285,0.99859254, ,90.894452,21230,0.996245894
4190346,21285,0.99859254, ,4198273,21230,0.996245894, ,89.398993,21285,0.99859254, ,90.892946,21230,0.996245894
4190353,21285,0.99859254, ,4198264,21230,0.996245894, ,89.400499,21285,0.99859254, ,90.89144,21230,0.996245894
4190361,21285,0.99859254, ,4198257,21230,0.996245894, ,89.402005,21285,0.99859254, ,90.889934,21230,0.996245894
4190369,21285,0.99859254, ,4198249,21230,0.996245894, ,89.403511,21285,0.99859254, ,90.888428,21230,0.996245894
4190377,21285,0.99859254, ,4198241,21230,0.996245894, ,89.405017,21285,0.99859254, ,90.886922,21230,0.996245894
4190384,21285,0.99859254, ,4198232,21230,0.996245894, ,89.406334,21285,0.99859254, ,90.885417,21230,0.996245894
4190392,21285,0.99859254, ,4198224,21230,0.996245894, ,89.40784,21285,0.99859254, ,90.883911,21230,0.996245894
4190400,21285,0.99859254, ,4198216,21230,0.996245894, ,89.409346,21285,0.99859254, ,90.882217,21230,0.996245894
4190407,21285,0.99859254, ,4198208,21230,0.996245894, ,89.410852,21285,0.99859254, ,90.880711,21230,0.996245894
4190415,21285,0.99859254, ,4198200,21230,0.996245894, ,89.412169,21285,0.99859254, ,90.879205,21230,0.996245894
4190423,21285,0.99859254, ,4198191,21230,0.996245894, ,89.413675,21285,0.99859254, ,90.877699,21230,0.996245894
4190431,21285,0.99859254, ,4198183,21230,0.996245894, ,89.415181,21285,0.99859254, ,90.876194,21230,0.996245894
4190439,21285,0.99859254, ,4198175,21230,0.996245894, ,89.416687,21285,0.99859254, ,90.874688,21230,0.996245894
4190447,21285,0.99859254, ,4198168,21230,0.996245894, ,89.418192,21285,0.99859254, ,90.873182,21230,0.996245894
4190455,21285,0.99859254, ,4198160,21230,0.996245894, ,89.419698,21285,0.99859254, ,90.871676,21230,0.996245894
4190463,21285,0.99859254, ,4198151,21230,0.996245894, ,89.421204,21285,0.99859254, ,90.87017,21230,0.996245894
4190471,21285,0.99859254, ,4198143,21230,0.996245894, ,89.42271,21285,0.99859254, ,90.868665,21230,0.996245894
4190479,21285,0.99859254, ,4198135,21230,0.996245894, ,89.424216,21285,0.99859254, ,90.867159,21230,0.996245894
4190487,21285,0.99859254, ,4198127,21230,0.996245894, ,89.425721,21285,0.99859254, ,90.865653,21230,0.996245894
4190495,21285,0.99859254, ,4198119,21230,0.996245894, ,89.427227,21285,0.99859254, ,90.864147,21230,0.996245894
4190504,21290,0.998827117, ,4198111,21230,0.996245894, ,89.428733,21290,0.998827117, ,90.862641,21230,0.996245894
4190511,21290,0.998827117, ,4198104,21230,0.996245894, ,89.430239,21290,0.998827117, ,90.861135,21230,0.996245894
4190519,21290,0.998827117, ,4198095,21230,0.996245894, ,89.431745,21290,0.998827117, ,90.85963,21230,0.996245894
4190528,21290,0.998827117, ,4198087,21230,0.996245894, ,89.433251,21290,0.998827117, ,90.858124,21230,0.996245894
4190535,21290,0.998827117, ,4198079,21230,0.996245894, ,89.434756,21290,0.998827117, ,90.856618,21230,0.996245894
4190543,21290,0.998827117, ,4198071,21230,0.996245894, ,89.436262,21290,0.998827117, ,90.855112,21230,0.996245894
4190551,21290,0.998827117, ,4198063,21230,0.996245894, ,89.437768,21290,0.998827117, ,90.853606,21230,0.996245894
4190559,21290,0.998827117, ,4198055,21230,0.996245894, ,89.439274,21290,0.998827117, ,90.851912,21230,0.996245894
4190567,21290,0.998827117, ,4198047,21230,0.996245894, ,89.440591,21290,0.998827117, ,90.850407,21230,0.996245894
4190574,21290,0.998827117, ,4198039,21230,0.996245894, ,89.442097,21290,0.998827117, ,90.848901,21230,0.996245894
4190582,21290,0.998827117, ,4198031,21230,0.996245894, ,89.443791,21290,0.998827117, ,90.847395,21230,0.996245894
4190590,21290,0.998827117, ,4198023,21230,0.996245894, ,89.445109,21290,0.998827117, ,90.845889,21230,0.996245894
4190598,21290,0.998827117, ,4198015,21230,0.996245894, ,89.446615,21290,0.998827117, ,90.844383,21230,0.996245894
4190607,21290,0.998827117, ,4198007,21230,0.996245894, ,89.44812,21290,0.998827117, ,90.842878,21230,0.996245894
4190614,21290,0.998827117, ,4197999,21230,0.996245894, ,89.449626,21290,0.998827117, ,90.841372,21230,0.996245894
4190622,21290,0.998827117, ,4197991,21230,0.996245894, ,89.451132,21290,0.998827117, ,90.839866,21230,0.996245894
4190630,21290,0.998827117, ,4197983,21230,0.996245894, ,89.452638,21290,0.998827117, ,90.83836,21230,0.996245894
4190638,21290,0.998827117, ,4197975,21230,0.996245894, ,89.453955,21290,0.998827117, ,90.836854,21230,0.996245894
4190645,21290,0.998827117, ,4197967,21230,0.996245894, ,89.455461,21290,0.998827117, ,90.835348,21230,0.996245894
4190653,21290,0.998827117, ,4197959,21230,0.996245894, ,89.456967,21290,0.998827117, ,90.833843,21230,0.996245894
4190661,21290,0.998827117, ,4197950,21230,0.996245894, ,89.458473,21290,0.998827117, ,90.832337,21230,0.996245894
4190669,21290,0.998827117, ,4197942,21230,0.996245894, ,89.45979,21290,0.998827117, ,90.830831,21230,0.996245894
4190676,21295,0.999061694, ,4197934,21230,0.996245894, ,89.461296,21295,0.999061694, ,90.829325,21230,0.996245894
4190683,21295,0.999061694, ,4197926,21230,0.996245894, ,89.462802,21295,0.999061694, ,90.827631,21230,0.996245894
4190691,21295,0.999061694, ,4197918,21230,0.996245894, ,89.46412,21295,0.999061694, ,90.826125,21230,0.996245894
4190699,21295,0.999061694, ,4197910,21230,0.996245894, ,89.465625,21295,0.999061694, ,90.82462,21230,0.996245894
4190707,21295,0.999061694, ,4197902,21230,0.996245894, ,89.467131,21295,0.999061694, ,90.823114,21230,0.996245894
4190715,21295,0.999061694, ,4197894,21230,0.996245894, ,89.468637,21295,0.999061694, ,90.821608,21230,0.996245894
4190723,21295,0.999061694, ,4197886,21230,0.996245894, ,89.470143,21295,0.999061694, ,90.820102,21230,0.996245894
4190731,21295,0.999061694, ,4197878,21235,0.996480526, ,89.471649,21295,0.999061694, ,90.818596,21235,0.996480526
4190739,21295,0.999061694, ,4197870,21235,0.996480526, ,89.473154,21295,0.999061694, ,90.817091,21235,0.996480526
4190748,21295,0.999061694, ,4197862,21235,0.996480526, ,89.47466,21295,0.999061694, ,90.815585,21235,0.996480526
4190756,21295,0.999061694, ,4197853,21235,0.996480526, ,89.476354,21295,0.999061694, ,90.814267,21235,0.996480526
4190764,21295,0.999061694, ,4197845,21235,0.996480526, ,89.47786,21295,0.999061694, ,90.812573,21235,0.996480526
4190772,21295,0.999061694, ,4197838,21235,0.996480526, ,89.479366,21295,0.999061694, ,90.811067,21235,0.996480526
4190780,21295,0.999061694, ,4197830,21235,0.996480526, ,89.480872,21295,0.999061694, ,90.809561,21235,0.996480526
4190787,21295,0.999061694, ,4197822,21235,0.996480526, ,89.482378,21295,0.999061694, ,90.808056,21235,0.996480526
4190796,21295,0.999061694, ,4197814,21235,0.996480526, ,89.483883,21295,0.999061694, ,90.80655,21235,0.996480526
4190803,21295,0.999061694, ,4197806,21235,0.996480526, ,89.485389,21295,0.999061694, ,90.805044,21235,0.996480526
4190812,21295,0.999061694, ,4197798,21235,0.996480526, ,89.486895,21295,0.999061694, ,90.803726,21235,0.996480526
4190819,21295,0.999061694, ,4197790,21235,0.996480526, ,89.488401,21295,0.999061694, ,90.802221,21235,0.996480526
4190827,21295,0.999061694, ,4197782,21235,0.996480526, ,89.489718,21295,0.999061694, ,90.800527,21235,0.996480526
4190835,21295,0.999061694, ,4197774,21235,0.996480526, ,89.491224,21295,0.999061694, ,90.799021,21235,0.996480526
4190843,21295,0.999061694, ,4197766,21235,0.996480526, ,89.49273,21295,0.999061694, ,90.797703,21235,0.996480526
4190851,21295,0.999061694, ,4197758,21235,0.996480526, ,89.494236,21295,0.999061694, ,90.796197,21235,0.996480526
4190859,21295,0.999061694, ,4197750,21235,0.996480526, ,89.495742,21295,0.999061694, ,90.794692,21235,0.996480526
4190867,21295,0.999061694, ,4197742,21235,0.996480526, ,89.497247,21295,0.999061694, ,90.793186,21235,0.996480526
4190875,21295,0.999061694, ,4197734,21235,0.996480526, ,89.498753,21295,0.999061694, ,90.79168,21235,0.996480526
4190883,21295,0.999061694, ,4197726,21235,0.996480526, ,89.500259,21295,0.999061694, ,90.790174,21235,0.996480526
4190891,21295,0.999061694, ,4197718,21235,0.996480526, ,89.501765,21295,0.999061694, ,90.788668,21235,0.996480526
4190899,21295,0.999061694, ,4197711,21235,0.996480526, ,89.503271,21295,0.999061694, ,90.787163,21235,0.996480526
4190907,21295,0.999061694, ,4197703,21235,0.996480526, ,89.504777,21295,0.999061694, ,90.785657,21235,0.996480526
4190915,21295,0.999061694, ,4197695,21235,0.996480526, ,89.506094,21295,0.999061694, ,90.784151,21235,0.996480526
4190924,21295,0.999061694, ,4197686,21235,0.996480526, ,89.5076,21295,0.999061694, ,90.782645,21235,0.996480526
4190931,21295,0.999061694, ,4197679,21235,0.996480526, ,89.509294,21295,0.999061694, ,90.781139,21235,0.996480526
4190939,21295,0.999061694, ,4197670,21235,0.996480526, ,89.5108,21295,0.999061694, ,90.779633,21235,0.996480526
4190947,21295,0.999061694, ,4197662,21235,0.996480526, ,89.512306,21295,0.999061694, ,90.778128,21235,0.996480526
4190954,21295,0.999061694, ,4197654,21240,0.996715157, ,89.513623,21295,0.999061694, ,90.776622,21240,0.996715157
4190962,21295,0.999061694, ,4197646,21240,0.996715157, ,89.515129,21295,0.999061694, ,90.774928,21240,0.996715157
4190970,21295,0.999061694, ,4197638,21240,0.996715157, ,89.516635,21295,0.999061694, ,90.773422,21240,0.996715157
4190978,21295,0.999061694, ,4197630,21240,0.996715157, ,89.518141,21295,0.999061694, ,90.771916,21240,0.996715157
4190986,21295,0.999061694, ,4197622,21240,0.996715157, ,89.519646,21295,0.999061694, ,90.77041,21240,0.996715157
4190994,21295,0.999061694, ,4197614,21240,0.996715157, ,89.521152,21295,0.999061694, ,90.768905,21240,0.996715157
4191002,21295,0.999061694, ,4197606,21240,0.996715157, ,89.522658,21295,0.999061694, ,90.767399,21240,0.996715157
4191010,21295,0.999061694, ,4197598,21240,0.996715157, ,89.524164,21295,0.999061694, ,90.766081,21240,0.996715157
4191019,21295,0.999061694, ,4197590,21240,0.996715157, ,89.52567,21295,0.999061694, ,90.764575,21240,0.996715157
4191027,21295,0.999061694, ,4197581,21240,0.996715157, ,89.527364,21295,0.999061694, ,90.76307,21240,0.996715157
4191035,21295,0.999061694, ,4197575,21240,0.996715157, ,89.528869,21295,0.999061694, ,90.761564,21240,0.996715157
4191043,21295,0.999061694, ,4197567,21240,0.996715157, ,89.530375,21295,0.999061694, ,90.760058,21240,0.996715157
4191052,21295,0.999061694, ,4197559,21240,0.996715157, ,89.531881,21295,0.999061694, ,90.758552,21240,0.996715157
4191060,21300,0.99929627, ,4197551,21240,0.996715157, ,89.533387,21300,0.99929627, ,90.757046,21240,0.996715157
4191068,21300,0.99929627, ,4197543,21240,0.996715157, ,89.534893,21300,0.99929627, ,90.755729,21240,0.996715157
4191076,21300,0.99929627, ,4197535,21240,0.996715157, ,89.536587,21300,0.99929627, ,90.754223,21240,0.996715157
4191084,21300,0.99929627, ,4197527,21240,0.996715157, ,89.537904,21300,0.99929627, ,90.752717,21240,0.996715157
4191092,21300,0.99929627, ,4197520,21240,0.996715157, ,89.53941,21300,0.99929627, ,90.751211,21240,0.996715157
4191100,21300,0.99929627, ,4197512,21240,0.996715157, ,89.540916,21300,0.99929627, ,90.749705,21240,0.996715157
4191108,21300,0.99929627, ,4197504,21240,0.996715157, ,89.542422,21300,0.99929627, ,90.7482,21240,0.996715157
4191116,21300,0.99929627, ,4197496,21240,0.996715157, ,89.544116,21300,0.99929627, ,90.746694,21240,0.996715157
4191124,21300,0.99929627, ,4197488,21240,0.996715157, ,89.545622,21300,0.99929627, ,90.745188,21240,0.996715157
4191132,21300,0.99929627, ,4197480,21240,0.996715157, ,89.547127,21300,0.99929627, ,90.74387,21240,0.996715157
4191140,21300,0.99929627, ,4197472,21245,0.996949789, ,89.548633,21300,0.99929627, ,90.742365,21245,0.996949789
4191149,21300,0.99929627, ,4197464,21245,0.996949789, ,89.550139,21300,0.99929627, ,90.740859,21245,0.996949789
4191157,21300,0.99929627, ,4197457,21245,0.996949789, ,89.551645,21300,0.99929627, ,90.739353,21245,0.996949789
4191165,21300,0.99929627, ,4197449,21245,0.996949789, ,89.553339,21300,0.99929627, ,90.737847,21245,0.996949789
4191173,21300,0.99929627, ,4197441,21245,0.996949789, ,89.554845,21300,0.99929627, ,90.736341,21245,0.996949789
4191180,21300,0.99929627, ,4197433,21245,0.996949789, ,89.556351,21300,0.99929627, ,90.735024,21245,0.996949789
4191189,21300,0.99929627, ,4197425,21245,0.996949789, ,89.557856,21300,0.99929627, ,90.733518,21245,0.996949789
4191197,21300,0.99929627, ,4197417,21245,0.996949789, ,89.559174,21300,0.99929627, ,90.732012,21245,0.996949789
4191204,21300,0.99929627, ,4197410,21245,0.996949789, ,89.560868,21300,0.99929627, ,90.730506,21245,0.996949789
4191213,21300,0.99929627, ,4197402,21245,0.996949789, ,89.562186,21300,0.99929627, ,90.729001,21245,0.996949789
4191220,21300,0.99929627, ,4197394,21245,0.996949789, ,89.563691,21300,0.99929627, ,90.727495,21245,0.996949789
4191229,21300,0.99929627, ,4197386,21245,0.996949789, ,89.565197,21300,0.99929627, ,90.725989,21245,0.996949789
4191236,21300,0.99929627, ,4197378,21245,0.996949789, ,89.566703,21300,0.99929627, ,90.724671,21245,0.996949789
4191245,21300,0.99929627, ,4197370,21245,0.996949789, ,89.568397,21300,0.99929627, ,90.723166,21245,0.996949789
4191253,21300,0.99929627, ,4197362,21245,0.996949789, ,89.569715,21300,0.99929627, ,90.72166,21245,0.996949789
4191261,21300,0.99929627, ,4197355,21245,0.996949789, ,89.571409,21300,0.99929627, ,90.720154,21245,0.996949789
4191269,21300,0.99929627, ,4197347,21245,0.996949789, ,89.572914,21300,0.99929627, ,90.718648,21245,0.996949789
4191278,21300,0.99929627, ,4197339,21245,0.996949789, ,89.574608,21300,0.99929627, ,90.717331,21245,0.996949789
4191287,21300,0.99929627, ,4197332,21245,0.996949789, ,89.576114,21300,0.99929627, ,90.715825,21245,0.996949789
4191295,21300,0.99929627, ,4197324,21245,0.996949789, ,89.57762,21300,0.99929627, ,90.714319,21245,0.996949789
4191303,21300,0.99929627, ,4197316,21245,0.996949789, ,89.579314,21300,0.99929627, ,90.712813,21245,0.996949789
4191311,21300,0.99929627, ,4197308,21245,0.996949789, ,89.58082,21300,0.99929627, ,90.711496,21245,0.996949789
4191320,21300,0.99929627, ,4197301,21245,0.996949789, ,89.582326,21300,0.99929627, ,90.70999,21245,0.996949789
4191328,21300,0.99929627, ,4197293,21245,0.996949789, ,89.58402,21300,0.99929627, ,90.708484,21245,0.996949789
4191336,21300,0.99929627, ,4197285,21245,0.996949789, ,89.585526,21300,0.99929627, ,90.707166,21245,0.996949789
4191344,21300,0.99929627, ,4197277,21245,0.996949789, ,89.587031,21300,0.99929627, ,90.705661,21245,0.996949789
4191352,21300,0.99929627, ,4197270,21245,0.996949789, ,89.588537,21300,0.99929627, ,90.704155,21245,0.996949789
4191360,21300,0.99929627, ,4197262,21245,0.996949789, ,89.590043,21300,0.99929627, ,90.702649,21245,0.996949789
4191368,21300,0.99929627, ,4197254,21245,0.996949789, ,89.591549,21300,0.99929627, ,90.701143,21245,0.996949789
4191376,21300,0.99929627, ,4197246,21245,0.996949789, ,89.593055,21300,0.99929627, ,90.699637,21245,0.996949789
4191384,21300,0.99929627, ,4197238,21245,0.996949789, ,89.59456,21300,0.99929627, ,90.69832,21245,0.996949789
4191392,21300,0.99929627, ,4197230,21245,0.996949789, ,89.596066,21300,0.99929627, ,90.696814,21245,0.996949789
4191400,21300,0.99929627, ,4197222,21245,0.996949789, ,89.597572,21300,0.99929627, ,90.695308,21245,0.996949789
4191408,21300,0.99929627, ,4197215,21245,0.996949789, ,89.599078,21300,0.99929627, ,90.693802,21245,0.996949789
4191417,21300,0.99929627, ,4197207,21245,0.996949789, ,89.600584,21300,0.99929627, ,90.692296,21245,0.996949789
4191425,21300,0.99929627, ,4197199,21245,0.996949789, ,89.602278,21300,0.99929627, ,90.690791,21245,0.996949789
4191433,21300,0.99929627, ,4197191,21245,0.996949789, ,89.603784,21300,0.99929627, ,90.689285,21245,0.996949789
4191441,21300,0.99929627, ,4197183,21245,0.996949789, ,89.605289,21300,0.99929627, ,90.687967,21245,0.996949789
4191449,21300,0.99929627, ,4197175,21245,0.996949789, ,89.606795,21300,0.99929627, ,90.686461,21245,0.996949789
4191457,21300,0.99929627, ,4197168,21245,0.996949789, ,89.608301,21300,0.99929627, ,90.684956,21245,0.996949789
4191465,21300,0.99929627, ,4197159,21245,0.996949789, ,89.609807,21300,0.99929627, ,90.68345,21245,0.996949789
4191472,21300,0.99929627, ,4197151,21245,0.996949789, ,89.611124,21300,0.99929627, ,90.681944,21245,0.996949789
4191480,21300,0.99929627, ,4197143,21245,0.996949789, ,89.61263,21300,0.99929627, ,90.680438,21245,0.996949789
4191488,21300,0.99929627, ,4197135,21245,0.996949789, ,89.613948,21300,0.99929627, ,90.678932,21245,0.996949789
4191496,21300,0.99929627, ,4197127,21245,0.996949789, ,89.615454,21300,0.99929627, ,90.677427,21245,0.996949789
4191503,21300,0.99929627, ,4197119,21245,0.996949789, ,89.616959,21300,0.99929627, ,90.675921,21245,0.996949789
4191511,21300,0.99929627, ,4197111,21245,0.996949789, ,89.618465,21300,0.99929627, ,90.674415,21245,0.996949789
4191519,21300,0.99929627, ,4197103,21245,0.996949789, ,89.619971,21300,0.99929627, ,90.672909,21245,0.996949789
4191526,21300,0.99929627, ,4197095,21245,0.996949789, ,89.621477,21300,0.99929627, ,90.671403,21245,0.996949789
4191535,21300,0.99929627, ,4197087,21245,0.996949789, ,89.622794,21300,0.99929627, ,90.669898,21245,0.996949789
4191543,21300,0.99929627, ,4197079,21245,0.996949789, ,89.624488,21300,0.99929627, ,90.668392,21245,0.996949789
4191551,21300,0.99929627, ,4197070,21250,0.99718442, ,89.625994,21300,0.99929627, ,90.666886,21250,0.99718442
4191560,21300,0.99929627, ,4197062,21250,0.99718442, ,89.6275,21300,0.99929627, ,90.665192,21250,0.99718442
4191568,21300,0.99929627, ,4197055,21250,0.99718442, ,89.629006,21300,0.99929627, ,90.663686,21250,0.99718442
4191576,21300,0.99929627, ,4197047,21250,0.99718442, ,89.6307,21300,0.99929627, ,90.66218,21250,0.99718442
4191583,21300,0.99929627, ,4197039,21250,0.99718442, ,89.632018,21300,0.99929627, ,90.660863,21250,0.99718442
4191592,21300,0.99929627, ,4197031,21250,0.99718442, ,89.633523,21300,0.99929627, ,90.659357,21250,0.99718442
4191600,21300,0.99929627, ,4197023,21250,0.99718442, ,89.635029,21300,0.99929627, ,90.657851,21250,0.99718442
4191608,21300,0.99929627, ,4197015,21250,0.99718442, ,89.636535,21300,0.99929627, ,90.656345,21250,0.99718442
4191615,21300,0.99929627, ,4197008,21250,0.99718442, ,89.638041,21300,0.99929627, ,90.654839,21250,0.99718442
4191623,21300,0.99929627, ,4197000,21250,0.99718442, ,89.639547,21300,0.99929627, ,90.653334,21250,0.99718442
4191632,21300,0.99929627, ,4196992,21250,0.99718442, ,89.641052,21300,0.99929627, ,90.651828,21250,0.99718442
4191639,21300,0.99929627, ,4196983,21250,0.99718442, ,89.642558,21300,0.99929627, ,90.650322,21250,0.99718442
4191647,21300,0.99929627, ,4196976,21250,0.99718442, ,89.644064,21300,0.99929627, ,90.648816,21250,0.99718442
4191655,21300,0.99929627, ,4196967,21250,0.99718442, ,89.64557,21300,0.99929627, ,90.64731,21250,0.99718442
4191663,21300,0.99929627, ,4196959,21250,0.99718442, ,89.647076,21300,0.99929627, ,90.645805,21250,0.99718442
4191671,21300,0.99929627, ,4196951,21250,0.99718442, ,89.648581,21300,0.99929627, ,90.644299,21250,0.99718442
4191679,21300,0.99929627, ,4196944,21250,0.99718442, ,89.649899,21300,0.99929627, ,90.642793,21250,0.99718442
4191687,21300,0.99929627, ,4196935,21250,0.99718442, ,89.651593,21300,0.99929627, ,90.641287,21250,0.99718442
4191695,21300,0.99929627, ,4196927,21250,0.99718442, ,89.652911,21300,0.99929627, ,90.639781,21250,0.99718442
4191702,21300,0.99929627, ,4196920,21255,0.997419052, ,89.654605,21300,0.99929627, ,90.638275,21255,0.997419052
4191711,21300,0.99929627, ,4196912,21255,0.997419052, ,89.655922,21300,0.99929627, ,90.63677,21255,0.997419052
4191718,21300,0.99929627, ,4196904,21255,0.997419052, ,89.657428,21300,0.99929627, ,90.635264,21255,0.997419052
4191726,21300,0.99929627, ,4196896,21255,0.997419052, ,89.658934,21300,0.99929627, ,90.633758,21255,0.997419052
4191733,21300,0.99929627, ,4196888,21255,0.997419052, ,89.66044,21300,0.99929627, ,90.632252,21255,0.997419052
4191742,21300,0.99929627, ,4196880,21255,0.997419052, ,89.661757,21300,0.99929627, ,90.630746,21255,0.997419052
4191750,21300,0.99929627, ,4196872,21255,0.997419052, ,89.663451,21300,0.99929627, ,90.629241,21255,0.997419052
4191757,21300,0.99929627, ,4196864,21255,0.997419052, ,89.664957,21300,0.99929627, ,90.627735,21255,0.997419052
4191765,21300,0.99929627, ,4196856,21255,0.997419052, ,89.666275,21300,0.99929627, ,90.626229,21255,0.997419052
4191772,21300,0.99929627, ,4196848,21255,0.997419052, ,89.667781,21300,0.99929627, ,90.624723,21255,0.997419052
4191780,21300,0.99929627, ,4196840,21255,0.997419052, ,89.669098,21300,0.99929627, ,90.623217,21255,0.997419052
4191788,21300,0.99929627, ,4196832,21255,0.997419052, ,89.670604,21300,0.99929627, ,90.621712,21255,0.997419052
4191796,21300,0.99929627, ,4196824,21255,0.997419052, ,89.671922,21300,0.99929627, ,90.620206,21255,0.997419052
4191803,21300,0.99929627, ,4196816,21255,0.997419052, ,89.673427,21300,0.99929627, ,90.6187,21255,0.997419052
4191811,21300,0.99929627, ,4196808,21255,0.997419052, ,89.674933,21300,0.99929627, ,90.617194,21255,0.997419052
4191819,21300,0.99929627, ,4196800,21255,0.997419052, ,89.676439,21300,0.99929627, ,90.615688,21255,0.997419052
4191827,21305,0.999530847, ,4196791,21255,0.997419052, ,89.677945,21305,0.999530847, ,90.614183,21255,0.997419052
4191835,21305,0.999530847, ,4196784,21255,0.997419052, ,89.679451,21305,0.999530847, ,90.612677,21255,0.997419052
4191843,21305,0.999530847, ,4196776,21255,0.997419052, ,89.680956,21305,0.999530847, ,90.611171,21255,0.997419052
4191851,21305,0.999530847, ,4196768,21255,0.997419052, ,89.682462,21305,0.999530847, ,90.609665,21255,0.997419052
4191859,21305,0.999530847, ,4196760,21255,0.997419052, ,89.683968,21305,0.999530847, ,90.608159,21255,0.997419052
4191867,21305,0.999530847, ,4196752,21255,0.997419052, ,89.685474,21305,0.999530847, ,90.606653,21255,0.997419052
4191875,21305,0.999530847, ,4196744,21255,0.997419052, ,89.68698,21305,0.999530847, ,90.605148,21255,0.997419052
4191883,21305,0.999530847, ,4196736,21255,0.997419052, ,89.688485,21305,0.999530847, ,90.603642,21255,0.997419052
4191891,21305,0.999530847, ,4196727,21255,0.997419052, ,89.689991,21305,0.999530847, ,90.602136,21255,0.997419052
4191899,21305,0.999530847, ,4196720,21260,0.997653684, ,89.691497,21305,0.999530847, ,90.60063,21260,0.997653684
4191907,21305,0.999530847, ,4196711,21260,0.997653684, ,89.693003,21305,0.999530847, ,90.599124,21260,0.997653684
4191915,21305,0.999530847, ,4196703,21260,0.997653684, ,89.694509,21305,0.999530847, ,90.597619,21260,0.997653684
4191923,21305,0.999530847, ,4196695,21260,0.997653684, ,89.696014,21305,0.999530847, ,90.595925,21260,0.997653684
4191931,21305,0.999530847, ,4196687,21260,0.997653684, ,89.697332,21305,0.999530847, ,90.594607,21260,0.997653684
4191939,21305,0.999530847, ,4196679,21260,0.997653684, ,89.698838,21305,0.999530847, ,90.592913,21260,0.997653684
4191947,21305,0.999530847, ,4196671,21260,0.997653684, ,89.700532,21305,0.999530847, ,90.591407,21260,0.997653684
4191955,21305,0.999530847, ,4196662,21260,0.997653684, ,89.701849,21305,0.999530847, ,90.589901,21260,0.997653684
4191963,21305,0.999530847, ,4196654,21260,0.997653684, ,89.703544,21305,0.999530847, ,90.588396,21260,0.997653684
4191971,21305,0.999530847, ,4196646,21260,0.997653684, ,89.705049,21305,0.999530847, ,90.58689,21260,0.997653684
4191979,21305,0.999530847, ,4196638,21260,0.997653684, ,89.706555,21305,0.999530847, ,90.585384,21260,0.997653684
4191987,21305,0.999530847, ,4196630,21260,0.997653684, ,89.708061,21305,0.999530847, ,90.583878,21260,0.997653684
4191995,21305,0.999530847, ,4196622,21260,0.997653684, ,89.709567,21305,0.999530847, ,90.582372,21260,0.997653684
4192003,21305,0.999530847, ,4196614,21260,0.997653684, ,89.711073,21305,0.999530847, ,90.580866,21260,0.997653684
4192011,21305,0.999530847, ,4196606,21260,0.997653684, ,89.712578,21305,0.999530847, ,90.579172,21260,0.997653684
4192019,21305,0.999530847, ,4196598,21260,0.997653684, ,89.713896,21305,0.999530847, ,90.577667,21260,0.997653684
4192026,21305,0.999530847, ,4196590,21260,0.997653684, ,89.715402,21305,0.999530847, ,90.576161,21260,0.997653684
4192034,21305,0.999530847, ,4196582,21260,0.997653684, ,89.716908,21305,0.999530847, ,90.574655,21260,0.997653684
4192042,21305,0.999530847, ,4196574,21260,0.997653684, ,89.718413,21305,0.999530847, ,90.573149,21260,0.997653684
4192050,21305,0.999530847, ,4196565,21265,0.997888315, ,89.719919,21305,0.999530847, ,90.571643,21265,0.997888315
4192058,21305,0.999530847, ,4196557,21265,0.997888315, ,89.721425,21305,0.999530847, ,90.570138,21265,0.997888315
4192066,21305,0.999530847, ,4196549,21265,0.997888315, ,89.722931,21305,0.999530847, ,90.568632,21265,0.997888315
4192074,21305,0.999530847, ,4196541,21265,0.997888315, ,89.724437,21305,0.999530847, ,90.567126,21265,0.997888315
4192082,21305,0.999530847, ,4196533,21265,0.997888315, ,89.725942,21305,0.999530847, ,90.56562,21265,0.997888315
4192091,21305,0.999530847, ,4196525,21265,0.997888315, ,89.727448,21305,0.999530847, ,90.564114,21265,0.997888315
4192099,21305,0.999530847, ,4196517,21265,0.997888315, ,89.729142,21305,0.999530847, ,90.562609,21265,0.997888315
4192107,21305,0.999530847, ,4196509,21265,0.997888315, ,89.730648,21305,0.999530847, ,90.561103,21265,0.997888315
4192115,21305,0.999530847, ,4196501,21265,0.997888315, ,89.732154,21305,0.999530847, ,90.559597,21265,0.997888315
4192123,21305,0.999530847, ,4196494,21265,0.997888315, ,89.73366,21305,0.999530847, ,90.558091,21265,0.997888315
4192131,21305,0.999530847, ,4196486,21265,0.997888315, ,89.735166,21305,0.999530847, ,90.556585,21265,0.997888315
4192139,21305,0.999530847, ,4196478,21265,0.997888315, ,89.736671,21305,0.999530847, ,90.555079,21265,0.997888315
4192147,21305,0.999530847, ,4196470,21265,0.997888315, ,89.738177,21305,0.999530847, ,90.553574,21265,0.997888315
4192155,21310,0.999765423, ,4196462,21265,0.997888315, ,89.739683,21310,0.999765423, ,90.552256,21265,0.997888315
4192163,21310,0.999765423, ,4196454,21265,0.997888315, ,89.741189,21310,0.999765423, ,90.55075,21265,0.997888315
4192171,21310,0.999765423, ,4196447,21265,0.997888315, ,89.742695,21310,0.999765423, ,90.549244,21265,0.997888315
4192179,21310,0.999765423, ,4196438,21265,0.997888315, ,89.7442,21310,0.999765423, ,90.547739,21265,0.997888315
4192187,21310,0.999765423, ,4196430,21265,0.997888315, ,89.745518,21310,0.999765423, ,90.546233,21265,0.997888315
4192194,21310,0.999765423, ,4196423,21265,0.997888315, ,89.747024,21310,0.999765423, ,90.544727,21265,0.997888315
4192202,21310,0.999765423, ,4196414,21265,0.997888315, ,89.74853,21310,0.999765423, ,90.543221,21265,0.997888315
4192210,21310,0.999765423, ,4196406,21265,0.997888315, ,89.750035,21310,0.999765423, ,90.541715,21265,0.997888315
4192218,21310,0.999765423, ,4196398,21265,0.997888315, ,89.751541,21310,0.999765423, ,90.54021,21265,0.997888315
4192226,21310,0.999765423, ,4196391,21265,0.997888315, ,89.753047,21310,0.999765423, ,90.538704,21265,0.997888315
4192234,21310,0.999765423, ,4196383,21265,0.997888315, ,89.754553,21310,0.999765423, ,90.537198,21265,0.997888315
4192241,21310,0.999765423, ,4196374,21265,0.997888315, ,89.75587,21310,0.999765423, ,90.535692,21265,0.997888315
4192249,21310,0.999765423, ,4196367,21265,0.997888315, ,89.757376,21310,0.999765423, ,90.534186,21265,0.997888315
4192257,21310,0.999765423, ,4196359,21265,0.997888315, ,89.758882,21310,0.999765423, ,90.532681,21265,0.997888315
4192265,21310,0.999765423, ,4196351,21265,0.997888315, ,89.760388,21310,0.999765423, ,90.531363,21265,0.997888315
4192273,21310,0.999765423, ,4196343,21265,0.997888315, ,89.761894,21310,0.999765423, ,90.529669,21265,0.997888315
4192281,21315,1, ,4196335,21265,0.997888315, ,89.763211,21315,1, ,90.528351,21265,0.997888315
4192288,21315,1, ,4196327,21265,0.997888315, ,89.764717,21315,1, ,90.526657,21265,0.997888315
4192295,21315,1, ,4196319,21265,0.997888315, ,89.766223,21315,1, ,90.525151,21265,0.997888315
4192303,21315,1, ,4196310,21265,0.997888315, ,89.76754,21315,1, ,90.523646,21265,0.997888315
4192311,21315,1, ,4196302,21265,0.997888315, ,89.769046,21315,1, ,90.52214,21265,0.997888315
4192318,21315,1, ,4196294,21265,0.997888315, ,89.770364,21315,1, ,90.520634,21265,0.997888315
4192325,21315,1, ,4196286,21265,0.997888315, ,89.77187,21315,1, ,90.519128,21265,0.997888315
4192333,21315,1, ,4196277,21265,0.997888315, ,89.773375,21315,1, ,90.517434,21265,0.997888315
4192341,21315,1, ,4196269,21265,0.997888315, ,89.774693,21315,1, ,90.51574,21265,0.997888315
4192348,21315,1, ,4196260,21265,0.997888315, ,89.776199,21315,1, ,90.514234,21265,0.997888315
4192356,21315,1, ,4196253,21265,0.997888315, ,89.777516,21315,1, ,90.512729,21265,0.997888315
4192365,21315,1, ,4196244,21265,0.997888315, ,89.779022,21315,1, ,90.511223,21265,0.997888315
4192373,21315,1, ,4196236,21265,0.997888315, ,89.780528,21315,1, ,90.509717,21265,0.997888315
4192381,21315,1, ,4196228,21265,0.997888315, ,89.782034,21315,1, ,90.508211,21265,0.997888315
4192388,21315,1, ,4196220,21265,0.997888315, ,89.78354,21315,1, ,90.506705,21265,0.997888315
4192397,21315,1, ,4196212,21265,0.997888315, ,89.785046,21315,1, ,90.505199,21265,0.997888315
4192404,21315,1, ,4196204,21265,0.997888315, ,89.786551,21315,1, ,90.503505,21265,0.997888315
4192412,21315,1, ,4196196,21265,0.997888315, ,89.788057,21315,1, ,90.502188,21265,0.997888315
4192420,21315,1, ,4196188,21265,0.997888315, ,89.789563,21315,1, ,90.500494,21265,0.997888315
4192428,21315,1, ,4196180,21265,0.997888315, ,89.791069,21315,1, ,90.498988,21265,0.997888315
4192436,21315,1, ,4196172,21265,0.997888315, ,89.792575,21315,1, ,90.497482,21265,0.997888315
4192444,21315,1, ,4196163,21265,0.997888315, ,89.79408,21315,1, ,90.495976,21265,0.997888315
4192452,21315,1, ,4196155,21265,0.997888315, ,89.795586,21315,1, ,90.494471,21265,0.997888315
4192460,21315,1, ,4196147,21265,0.997888315, ,89.796904,21315,1, ,90.492965,21265,0.997888315
4192467,21315,1, ,4196139,21265,0.997888315, ,89.79841,21315,1, ,90.491459,21265,0.997888315
4192476,21315,1, ,4196131,21265,0.997888315, ,89.799915,21315,1, ,90.489953,21265,0.997888315
4192483,21315,1, ,4196123,21265,0.997888315, ,89.801421,21315,1, ,90.488259,21265,0.997888315
4192491,21315,1, ,4196115,21265,0.997888315, ,89.802927,21315,1, ,90.486753,21265,0.997888315
4192499,21315,1, ,4196107,21265,0.997888315, ,89.804433,21315,1, ,90.485247,21265,0.997888315
4192508,21315,1, ,4196099,21265,0.997888315, ,89.805939,21315,1, ,90.483742,21265,0.997888315
4192516,21315,1, ,4196091,21265,0.997888315, ,89.807444,21315,1, ,90.482236,21265,0.997888315
4192524,21315,1, ,4196083,21265,0.997888315, ,89.80895,21315,1, ,90.48073,21265,0.997888315
4192531,21315,1, ,4196075,21265,0.997888315, ,89.810456,21315,1, ,90.479412,21265,0.997888315
4192540,21315,1, ,4196067,21265,0.997888315, ,89.811962,21315,1, ,90.477907,21265,0.997888315
4192548,21315,1, ,4196059,21265,0.997888315, ,89.813656,21315,1, ,90.476401,21265,0.997888315
4192556,21315,1, ,4196051,21270,0.998122947, ,89.815162,21315,1, ,90.474895,21270,0.998122947
4192564,21315,1, ,4196043,21270,0.998122947, ,89.816668,21315,1, ,90.473201,21270,0.998122947
4192572,21315,1, ,4196035,21270,0.998122947, ,89.818173,21315,1, ,90.471883,21270,0.998122947
4192579,21315,1, ,4196027,21270,0.998122947, ,89.819491,21315,1, ,90.470378,21270,0.998122947
4192587,21315,1, ,4196019,21270,0.998122947, ,89.820997,21315,1, ,90.468872,21270,0.998122947
4192595,21315,1, ,4196011,21270,0.998122947, ,89.822503,21315,1, ,90.467366,21270,0.998122947
4192603,21315,1, ,4196003,21270,0.998122947, ,89.824008,21315,1, ,90.46586,21270,0.998122947
4192611,21315,1, ,4195995,21270,0.998122947, ,89.825514,21315,1, ,90.464354,21270,0.998122947
4192619,21315,1, ,4195988,21270,0.998122947, ,89.82702,21315,1, ,90.462849,21270,0.998122947
4192627,21315,1, ,4195980,21270,0.998122947, ,89.828526,21315,1, ,90.461343,21270,0.998122947
4192635,21315,1, ,4195972,21270,0.998122947, ,89.830032,21315,1, ,90.459837,21270,0.998122947
4192644,21315,1, ,4195964,21270,0.998122947, ,89.831537,21315,1, ,90.458331,21270,0.998122947
4192652,21315,1, ,4195956,21270,0.998122947, ,89.833043,21315,1, ,90.457014,21270,0.998122947
4192660,21315,1, ,4195948,21270,0.998122947, ,89.834737,21315,1, ,90.455319,21270,0.998122947
4192669,21315,1, ,4195941,21270,0.998122947, ,89.836243,21315,1, ,90.454002,21270,0.998122947
4192677,21315,1, ,4195933,21270,0.998122947, ,89.837749,21315,1, ,90.452496,21270,0.998122947
4192685,21315,1, ,4195925,21270,0.998122947, ,89.839443,21315,1, ,90.451179,21270,0.998122947
4192693,21315,1, ,4195917,21270,0.998122947, ,89.840949,21315,1, ,90.449673,21270,0.998122947
4192701,21315,1, ,4195910,21270,0.998122947, ,89.842455,21315,1, ,90.448167,21270,0.998122947
4192710,21315,1, ,4195902,21270,0.998122947, ,89.84396,21315,1, ,90.446661,21270,0.998122947
4192717,21315,1, ,4195894,21270,0.998122947, ,89.845466,21315,1, ,90.445155,21270,0.998122947
4192726,21315,1, ,4195886,21270,0.998122947, ,89.846972,21315,1, ,90.443838,21270,0.998122947
4192733,21315,1, ,4195878,21270,0.998122947, ,89.848478,21315,1, ,90.442332,21270,0.998122947
4192742,21315,1, ,4195871,21270,0.998122947, ,89.850172,21315,1, ,90.440826,21270,0.998122947
4192750,21315,1, ,4195862,21270,0.998122947, ,89.851678,21315,1, ,90.43932,21270,0.998122947
4192758,21315,1, ,4195855,21270,0.998122947, ,89.853183,21315,1, ,90.437814,21270,0.998122947
4192766,21315,1, ,4195847,21270,0.998122947, ,89.854689,21315,1, ,90.436309,21270,0.998122947
4192774,21315,1, ,4195839,21270,0.998122947, ,89.856195,21315,1, ,90.434803,21270,0.998122947
4192782,21315,1, ,4195831,21270,0.998122947, ,89.857701,21315,1, ,90.433485,21270,0.998122947
4192791,21310,0.999765423, ,4195823,21270,0.998122947, ,89.859207,21310,0.999765423, ,90.431979,21270,0.998122947
4192799,21310,0.999765423, ,4195816,21270,0.998122947, ,89.860713,21310,0.999765423, ,90.430474,21270,0.998122947
4192807,21310,0.999765423, ,4195808,21270,0.998122947, ,89.862407,21310,0.999765423, ,90.428968,21270,0.998122947
4192815,21310,0.999765423, ,4195800,21270,0.998122947, ,89.863912,21310,0.999765423, ,90.427462,21270,0.998122947
4192823,21310,0.999765423, ,4195792,21270,0.998122947, ,89.865418,21310,0.999765423, ,90.426144,21270,0.998122947
4192831,21310,0.999765423, ,4195784,21270,0.998122947, ,89.866924,21310,0.999765423, ,90.424639,21270,0.998122947
4192839,21310,0.999765423, ,4195777,21270,0.998122947, ,89.86843,21310,0.999765423, ,90.423133,21270,0.998122947
4192847,21310,0.999765423, ,4195768,21270,0.998122947, ,89.869936,21310,0.999765423, ,90.421627,21270,0.998122947
4192855,21310,0.999765423, ,4195760,21270,0.998122947, ,89.871441,21310,0.999765423, ,90.420121,21270,0.998122947
4192863,21310,0.999765423, ,4195752,21270,0.998122947, ,89.872947,21310,0.999765423, ,90.418615,21270,0.998122947
4192871,21310,0.999765423, ,4195745,21270,0.998122947, ,89.874453,21310,0.999765423, ,90.41711,21270,0.998122947
4192879,21310,0.999765423, ,4195737,21270,0.998122947, ,89.875959,21310,0.999765423, ,90.415604,21270,0.998122947
4192887,21305,0.999530847, ,4195729,21270,0.998122947, ,89.877465,21305,0.999530847, ,90.414098,21270,0.998122947
4192895,21305,0.999530847, ,4195721,21270,0.998122947, ,89.87897,21305,0.999530847, ,90.412592,21270,0.998122947
4192904,21305,0.999530847, ,4195713,21270,0.998122947, ,89.880476,21305,0.999530847, ,90.411275,21270,0.998122947
4192912,21305,0.999530847, ,4195705,21270,0.998122947, ,89.88217,21305,0.999530847, ,90.409769,21270,0.998122947
4192920,21305,0.999530847, ,4195697,21270,0.998122947, ,89.883676,21305,0.999530847, ,90.408263,21270,0.998122947
4192928,21305,0.999530847, ,4195689,21270,0.998122947, ,89.885182,21305,0.999530847, ,90.406757,21270,0.998122947
4192937,21305,0.999530847, ,4195682,21270,0.998122947, ,89.886876,21305,0.999530847, ,90.405251,21270,0.998122947
4192945,21300,0.99929627, ,4195674,21270,0.998122947, ,89.888382,21300,0.99929627, ,90.403745,21270,0.998122947
4192953,21300,0.99929627, ,4195666,21270,0.998122947, ,89.889888,21300,0.99929627, ,90.402428,21270,0.998122947
4192961,21300,0.99929627, ,4195658,21270,0.998122947, ,89.891393,21300,0.99929627, ,90.400922,21270,0.998122947
4192969,21295,0.999061694, ,4195651,21270,0.998122947, ,89.892899,21295,0.999061694, ,90.399416,21270,0.998122947
4192978,21295,0.999061694, ,4195643,21270,0.998122947, ,89.894593,21295,0.999061694, ,90.39791,21270,0.998122947
4192986,21295,0.999061694, ,4195635,21270,0.998122947, ,89.896099,21295,0.999061694, ,90.396405,21270,0.998122947
4192994,21285,0.99859254, ,4195627,21270,0.998122947, ,89.897605,21285,0.99859254, ,90.394899,21270,0.998122947
4193002,21285,0.99859254, ,4195619,21270,0.998122947, ,89.899111,21285,0.99859254, ,90.393393,21270,0.998122947
4193010,21285,0.99859254, ,4195611,21270,0.998122947, ,89.900616,21285,0.99859254, ,90.391887,21270,0.998122947
4193017,21275,0.998123387, ,4195603,21270,0.998122947, ,89.902122,21275,0.998123387, ,90.390381,21270,0.998122947
4193026,21275,0.998123387, ,4195595,21270,0.998122947, ,89.90344,21275,0.998123387, ,90.388876,21270,0.998122947
4193034,21275,0.998123387, ,4195587,21270,0.998122947, ,89.905134,21275,0.998123387, ,90.387558,21270,0.998122947
4193042,21265,0.997654234, ,4195579,21270,0.998122947, ,89.906452,21265,0.997654234, ,90.386052,21270,0.998122947
4193049,21265,0.997654234, ,4195572,21270,0.998122947, ,89.908146,21265,0.997654234, ,90.384546,21270,0.998122947
4193058,21265,0.997654234, ,4195564,21270,0.998122947, ,89.909463,21265,0.997654234, ,90.383041,21270,0.998122947
4193066,21265,0.997654234, ,4195556,21270,0.998122947, ,89.911157,21265,0.997654234, ,90.381535,21270,0.998122947
4193074,21255,0.997185081, ,4195548,21270,0.998122947, ,89.912663,21255,0.997185081, ,90.380029,21270,0.998122947
4193082,21255,0.997185081, ,4195540,21270,0.998122947, ,89.914169,21255,0.997185081, ,90.378711,21270,0.998122947
4193090,21255,0.997185081, ,4195532,21270,0.998122947, ,89.915675,21255,0.997185081, ,90.377206,21270,0.998122947
4193098,21240,0.996481351, ,4195525,21265,0.997888315, ,89.91718,21240,0.996481351, ,90.3757,21265,0.997888315
4193106,21240,0.996481351, ,4195517,21265,0.997888315, ,89.918686,21240,0.996481351, ,90.374194,21265,0.997888315
4193113,21240,0.996481351, ,4195508,21265,0.997888315, ,89.920004,21240,0.996481351, ,90.372688,21265,0.997888315
4193122,21225,0.995777621, ,4195501,21265,0.997888315, ,89.92151,21225,0.995777621, ,90.371182,21265,0.997888315
4193129,21225,0.995777621, ,4195493,21265,0.997888315, ,89.923015,21225,0.995777621, ,90.369677,21265,0.997888315
4193137,21225,0.995777621, ,4195484,21265,0.997888315, ,89.924521,21225,0.995777621, ,90.368171,21265,0.997888315
4193144,21210,0.995073892, ,4195476,21260,0.997653684, ,89.925839,21210,0.995073892, ,90.366477,21260,0.997653684
4193152,21210,0.995073892, ,4195467,21260,0.997653684, ,89.927345,21210,0.995073892, ,90.364971,21260,0.997653684
4193160,21210,0.995073892, ,4195460,21260,0.997653684, ,89.92885,21210,0.995073892, ,90.363465,21260,0.997653684
4193169,21195,0.994370162, ,4195452,21255,0.997419052, ,89.930356,21195,0.994370162, ,90.361959,21255,0.997419052
4193177,21195,0.994370162, ,4195444,21255,0.997419052, ,89.931862,21195,0.994370162, ,90.360453,21255,0.997419052
4193185,21195,0.994370162, ,4195436,21255,0.997419052, ,89.933368,21195,0.994370162, ,90.358948,21255,0.997419052
4193193,21195,0.994370162, ,4195428,21245,0.996949789, ,89.934874,21195,0.994370162, ,90.357442,21245,0.996949789
4193201,21170,0.993197279, ,4195420,21245,0.996949789, ,89.936568,21170,0.993197279, ,90.356124,21245,0.996949789
4193209,21170,0.993197279, ,4195412,21245,0.996949789, ,89.938074,21170,0.993197279, ,90.354618,21245,0.996949789
4193217,21170,0.993197279, ,4195405,21245,0.996949789, ,89.939579,21170,0.993197279, ,90.353113,21245,0.996949789
4193225,21150,0.992258973, ,4195396,21235,0.996480526, ,89.941085,21150,0.992258973, ,90.351607,21235,0.996480526
4193233,21150,0.992258973, ,4195389,21235,0.996480526, ,89.942591,21150,0.992258973, ,90.350101,21235,0.996480526
4193241,21150,0.992258973, ,4195381,21235,0.996480526, ,89.944097,21150,0.992258973, ,90.348783,21235,0.996480526
4193250,21125,0.99108609, ,4195373,21225,0.996011262, ,89.945791,21125,0.99108609, ,90.347278,21225,0.996011262
4193257,21125,0.99108609, ,4195365,21225,0.996011262, ,89.947108,21125,0.99108609, ,90.345772,21225,0.996011262
4193265,21125,0.99108609, ,4195358,21225,0.996011262, ,89.948614,21125,0.99108609, ,90.344266,21225,0.996011262
4193273,21100,0.989913207, ,4195350,21210,0.995307367, ,89.95012,21100,0.989913207, ,90.34276,21210,0.995307367
4193281,21100,0.989913207, ,4195342,21210,0.995307367, ,89.951626,21100,0.989913207, ,90.341254,21210,0.995307367
4193289,21100,0.989913207, ,4195333,21210,0.995307367, ,89.953132,21100,0.989913207, ,90.339749,21210,0.995307367
4193296,21070,0.988505747, ,4195326,21195,0.994603473, ,89.954449,21070,0.988505747, ,90.338243,21195,0.994603473
4193305,21070,0.988505747, ,4195318,21195,0.994603473, ,89.955955,21070,0.988505747, ,90.336737,21195,0.994603473
4193313,21070,0.988505747, ,4195310,21195,0.994603473, ,89.957461,21070,0.988505747, ,90.335231,21195,0.994603473
4193321,21035,0.986863711, ,4195302,21195,0.994603473, ,89.958967,21035,0.986863711, ,90.333725,21195,0.994603473
4193328,21035,0.986863711, ,4195294,21180,0.993899578, ,89.960472,21035,0.986863711, ,90.332219,21180,0.993899578
4193336,21035,0.986863711, ,4195286,21180,0.993899578, ,89.961978,21035,0.986863711, ,90.330714,21180,0.993899578
4193344,21035,0.986863711, ,4195278,21160,0.992961051, ,89.963484,21035,0.986863711, ,90.329208,21160,0.992961051
4193353,21000,0.985221675, ,4195270,21160,0.992961051, ,89.96499,21000,0.985221675, ,90.327702,21160,0.992961051
4193360,21000,0.985221675, ,4195262,21160,0.992961051, ,89.966496,21000,0.985221675, ,90.326196,21160,0.992961051
4193368,21000,0.985221675, ,4195254,21160,0.992961051, ,89.968002,21000,0.985221675, ,90.32469,21160,0.992961051
4193376,20960,0.983345062, ,4195245,21140,0.992022525, ,89.969507,20960,0.983345062, ,90.323185,21140,0.992022525
4193384,20960,0.983345062, ,4195237,21140,0.992022525, ,89.971013,20960,0.983345062, ,90.321679,21140,0.992022525
4193391,20960,0.983345062, ,4195229,21140,0.992022525, ,89.972331,20960,0.983345062, ,90.320173,21140,0.992022525
4193399,20920,0.981468449, ,4195221,21115,0.990849366, ,89.973837,20920,0.981468449, ,90.318667,21115,0.990849366
4193406,20920,0.981468449, ,4195213,21115,0.990849366, ,89.975154,20920,0.981468449, ,90.317161,21115,0.990849366
4193414,20920,0.981468449, ,4195205,21115,0.990849366, ,89.97666,20920,0.981468449, ,90.315467,21115,0.990849366
4193422,20875,0.97935726, ,4195197,21090,0.989676208, ,89.977978,20875,0.97935726, ,90.313962,21090,0.989676208
4193430,20875,0.97935726, ,4195188,21090,0.989676208, ,89.979483,20875,0.97935726, ,90.312456,21090,0.989676208
4193437,20875,0.97935726, ,4195180,21090,0.989676208, ,89.980989,20875,0.97935726, ,90.31095,21090,0.989676208
4193445,20875,0.97935726, ,4195172,21065,0.98850305, ,89.982495,20875,0.97935726, ,90.309444,21065,0.98850305
4193453,20830,0.977246071, ,4195164,21065,0.98850305, ,89.984001,20830,0.977246071, ,90.307938,21065,0.98850305
4193462,20830,0.977246071, ,4195156,21065,0.98850305, ,89.985507,20830,0.977246071, ,90.306432,21065,0.98850305
4193470,20830,0.977246071, ,4195148,21065,0.98850305, ,89.987012,20830,0.977246071, ,90.304738,21065,0.98850305
4193478,20780,0.974900305, ,4195140,21035,0.98709526, ,89.988518,20780,0.974900305, ,90.303421,21035,0.98709526
4193486,20780,0.974900305, ,4195132,21035,0.98709526, ,89.990024,20780,0.974900305, ,90.301915,21035,0.98709526
4193494,20780,0.974900305, ,4195124,21035,0.98709526, ,89.991718,20780,0.974900305, ,90.300409,21035,0.98709526
4193502,20730,0.972554539, ,4195116,21000,0.985452839, ,89.993224,20730,0.972554539, ,90.298903,21000,0.985452839
4193509,20730,0.972554539, ,4195108,21000,0.985452839, ,89.99473,20730,0.972554539, ,90.297398,21000,0.985452839
4193518,20730,0.972554539, ,4195100,21000,0.985452839, ,89.996235,20730,0.972554539, ,90.295892,21000,0.985452839
4193525,20675,0.969974197, ,4195092,20965,0.983810418, ,89.997553,20675,0.969974197, ,90.294386,20965,0.983810418
4193534,20675,0.969974197, ,4195084,20965,0.983810418, ,89.999059,20675,0.969974197, ,90.29288,20965,0.983810418
4193542,20675,0.969974197, ,4195076,20965,0.983810418, ,90.000753,20675,0.969974197, ,90.291374,20965,0.983810418
4193550,20615,0.967159278, ,4195069,20930,0.982167996, ,90.002259,20615,0.967159278, ,90.289869,20930,0.982167996
4193558,20615,0.967159278, ,4195061,20930,0.982167996, ,90.003765,20615,0.967159278, ,90.288363,20930,0.982167996
4193566,20615,0.967159278, ,4195052,20930,0.982167996, ,90.00527,20615,0.967159278, ,90.286857,20930,0.982167996
4193574,20555,0.964344358, ,4195044,20885,0.980056312, ,90.006776,20555,0.964344358, ,90.285351,20885,0.980056312
4193582,20555,0.964344358, ,4195036,20885,0.980056312, ,90.008282,20555,0.964344358, ,90.283845,20885,0.980056312
4193590,20555,0.964344358, ,4195028,20885,0.980056312, ,90.009788,20555,0.964344358, ,90.282339,20885,0.980056312
4193598,20495,0.961529439, ,4195020,20885,0.980056312, ,90.011294,20495,0.961529439, ,90.280834,20885,0.980056312
4193606,20495,0.961529439, ,4195012,20845,0.978179259, ,90.012799,20495,0.961529439, ,90.279328,20845,0.978179259
4193614,20495,0.961529439, ,4195004,20845,0.978179259, ,90.014305,20495,0.961529439, ,90.277822,20845,0.978179259
4193622,20495,0.961529439, ,4194996,20795,0.975832942, ,90.015811,20495,0.961529439, ,90.276316,20795,0.975832942
4193631,20430,0.958479944, ,4194989,20795,0.975832942, ,90.017317,20430,0.958479944, ,90.27481,20795,0.975832942
4193638,20430,0.958479944, ,4194981,20795,0.975832942, ,90.018823,20430,0.958479944, ,90.273305,20795,0.975832942
4193646,20430,0.958479944, ,4194972,20795,0.975832942, ,90.020328,20430,0.958479944, ,90.271799,20795,0.975832942
4193654,20360,0.955195871, ,4194965,20745,0.973486626, ,90.021834,20360,0.955195871, ,90.270293,20745,0.973486626
4193662,20360,0.955195871, ,4194957,20745,0.973486626, ,90.02334,20360,0.955195871, ,90.268787,20745,0.973486626
4193669,20360,0.955195871, ,4194949,20745,0.973486626, ,90.024658,20360,0.955195871, ,90.267281,20745,0.973486626
4193677,20290,0.951911799, ,4194940,20695,0.97114031, ,90.026163,20290,0.951911799, ,90.265776,20695,0.97114031
4193685,20290,0.951911799, ,4194932,20695,0.97114031, ,90.027669,20290,0.951911799, ,90.26427,20695,0.97114031
4193693,20290,0.951911799, ,4194924,20695,0.97114031, ,90.029175,20290,0.951911799, ,90.262764,20695,0.97114031
4193700,20215,0.94839315, ,4194916,20640,0.968559362, ,90.030493,20215,0.94839315, ,90.26107,20640,0.968559362
4193708,20215,0.94839315, ,4194908,20640,0.968559362, ,90.031998,20215,0.94839315, ,90.259752,20640,0.968559362
4193716,20215,0.94839315, ,4194900,20640,0.968559362, ,90.033504,20215,0.94839315, ,90.258247,20640,0.968559362
4193724,20140,0.944874502, ,4194892,20580,0.965743782, ,90.03501,20140,0.944874502, ,90.256741,20580,0.965743782
4193732,20140,0.944874502, ,4194884,20580,0.965743782, ,90.036516,20140,0.944874502, ,90.255235,20580,0.965743782
4193740,20140,0.944874502, ,4194876,20580,0.965743782, ,90.038022,20140,0.944874502, ,90.253729,20580,0.965743782
4193748,20060,0.941121276, ,4194868,20580,0.965743782, ,90.039528,20060,0.941121276, ,90.252035,20580,0.965743782
4193757,20060,0.941121276, ,4194860,20515,0.962693571, ,90.041033,20060,0.941121276, ,90.250529,20515,0.962693571
4193764,20060,0.941121276, ,4194852,20515,0.962693571, ,90.042539,20060,0.941121276, ,90.249023,20515,0.962693571
4193772,20060,0.941121276, ,4194844,20515,0.962693571, ,90.044045,20060,0.941121276, ,90.247706,20515,0.962693571
4193780,19975,0.937133474, ,4194836,20455,0.959877992, ,90.045551,19975,0.937133474, ,90.2462,20455,0.959877992
4193788,19975,0.937133474, ,4194828,20455,0.959877992, ,90.047057,19975,0.937133474, ,90.244694,20455,0.959877992
4193796,19975,0.937133474, ,4194820,20455,0.959877992, ,90.048562,19975,0.937133474, ,90.243188,20455,0.959877992
4193804,19890,0.933145672, ,4194812,20385,0.956593149, ,90.050068,19890,0.933145672, ,90.241683,20385,0.956593149
4193812,19890,0.933145672, ,4194804,20385,0.956593149, ,90.051574,19890,0.933145672, ,90.240177,20385,0.956593149
4193819,19890,0.933145672, ,4194796,20385,0.956593149, ,90.05308,19890,0.933145672, ,90.238671,20385,0.956593149
4193828,19800,0.928923293, ,4194788,20315,0.953308306, ,90.054397,19800,0.928923293, ,90.236977,20315,0.953308306
4193835,19800,0.928923293, ,4194780,20315,0.953308306, ,90.055903,19800,0.928923293, ,90.235471,20315,0.953308306
4193842,19800,0.928923293, ,4194772,20315,0.953308306, ,90.057409,19800,0.928923293, ,90.233965,20315,0.953308306
4193851,19705,0.924466338, ,4194763,20315,0.953308306, ,90.058915,19705,0.924466338, ,90.23246,20315,0.953308306
4193859,19705,0.924466338, ,4194755,20245,0.950023463, ,90.060232,19705,0.924466338, ,90.230954,20245,0.950023463
4193866,19705,0.924466338, ,4194747,20245,0.950023463, ,90.061738,19705,0.924466338, ,90.22926,20245,0.950023463
4193874,19705,0.924466338, ,4194739,20170,0.946503989, ,90.063244,19705,0.924466338, ,90.227942,20170,0.946503989
4193882,19610,0.920009383, ,4194731,20170,0.946503989, ,90.06475,19610,0.920009383, ,90.226248,20170,0.946503989
4193890,19610,0.920009383, ,4194722,20170,0.946503989, ,90.066067,19610,0.920009383, ,90.224742,20170,0.946503989
4193897,19610,0.920009383, ,4194714,20170,0.946503989, ,90.067573,19610,0.920009383, ,90.223236,20170,0.946503989
4193905,19510,0.915317851, ,4194706,20090,0.942749883, ,90.069079,19510,0.915317851, ,90.221731,20090,0.942749883
4193913,19510,0.915317851, ,4194698,20090,0.942749883, ,90.070585,19510,0.915317851, ,90.220225,20090,0.942749883
4193920,19510,0.915317851, ,4194690,20090,0.942749883, ,90.071902,19510,0.915317851, ,90.218719,20090,0.942749883
4193928,19405,0.910391743, ,4194681,20005,0.938761145, ,90.073408,19405,0.910391743, ,90.217213,20005,0.938761145
4193936,19405,0.910391743, ,4194673,20005,0.938761145, ,90.074914,19405,0.910391743, ,90.215519,20005,0.938761145
4193943,19405,0.910391743, ,4194664,20005,0.938761145, ,90.076232,19405,0.910391743, ,90.213825,20005,0.938761145
4193951,19295,0.905231058, ,4194656,19920,0.934772407, ,90.077737,19295,0.905231058, ,90.212319,19920,0.934772407
4193958,19295,0.905231058, ,4194648,19920,0.934772407, ,90.079055,19295,0.905231058, ,90.210813,19920,0.934772407
4193966,19295,0.905231058, ,4194640,19920,0.934772407, ,90.080561,19295,0.905231058, ,90.209308,19920,0.934772407
4193973,19185,0.900070373, ,4194632,19830,0.930549038, ,90.082067,19185,0.900070373, ,90.207614,19830,0.930549038
4193982,19185,0.900070373, ,4194624,19830,0.930549038, ,90.083384,19185,0.900070373, ,90.206108,19830,0.930549038
4193989,19185,0.900070373, ,4194616,19830,0.930549038, ,90.08489,19185,0.900070373, ,90.204602,19830,0.930549038
4193997,19185,0.900070373, ,4194608,19735,0.926091037, ,90.086396,19185,0.900070373, ,90.203284,19735,0.926091037
4194005,19070,0.894675111, ,4194600,19735,0.926091037, ,90.087902,19070,0.894675111, ,90.201779,19735,0.926091037
4194013,19070,0.894675111, ,4194592,19735,0.926091037, ,90.089408,19070,0.894675111, ,90.200273,19735,0.926091037
4194021,18950,0.889045273, ,4194584,19735,0.926091037, ,90.090913,18950,0.889045273, ,90.198767,19735,0.926091037
4194029,18950,0.889045273, ,4194576,19640,0.921633036, ,90.092419,18950,0.889045273, ,90.197261,19640,0.921633036
4194038,18950,0.889045273, ,4194568,19640,0.921633036, ,90.093925,18950,0.889045273, ,90.195755,19640,0.921633036
4194046,18950,0.889045273, ,4194561,19640,0.921633036, ,90.095431,18950,0.889045273, ,90.19425,19640,0.921633036
4194053,18830,0.883415435, ,4194553,19540,0.916940404, ,90.097125,18830,0.883415435, ,90.192744,19540,0.916940404
4194062,18830,0.883415435, ,4194545,19540,0.916940404, ,90.098442,18830,0.883415435, ,90.191238,19540,0.916940404
4194069,18830,0.883415435, ,4194537,19540,0.916940404, ,90.099948,18830,0.883415435, ,90.189732,19540,0.916940404
4194078,18700,0.877316444, ,4194529,19435,0.912013139, ,90.101454,18700,0.877316444, ,90.188226,19435,0.912013139
4194086,18700,0.877316444, ,4194521,19435,0.912013139, ,90.10296,18700,0.877316444, ,90.186721,19435,0.912013139
4194094,18700,0.877316444, ,4194513,19435,0.912013139, ,90.104466,18700,0.877316444, ,90.185215,19435,0.912013139
4194102,18570,0.871217452, ,4194505,19330,0.907085875, ,90.105971,18570,0.871217452, ,90.183897,19330,0.907085875
4194109,18570,0.871217452, ,4194498,19330,0.907085875, ,90.107477,18570,0.871217452, ,90.182391,19330,0.907085875
4194118,18570,0.871217452, ,4194489,19330,0.907085875, ,90.108983,18570,0.871217452, ,90.180886,19330,0.907085875
4194125,18435,0.864883885, ,4194481,19215,0.901689348, ,90.110489,18435,0.864883885, ,90.179191,19215,0.901689348
4194134,18435,0.864883885, ,4194473,19215,0.901689348, ,90.111995,18435,0.864883885, ,90.177874,19215,0.901689348
4194141,18435,0.864883885, ,4194466,19215,0.901689348, ,90.1135,18435,0.864883885, ,90.176368,19215,0.901689348
4194151,18435,0.864883885, ,4194458,19100,0.89629282, ,90.115006,18435,0.864883885, ,90.174862,19100,0.89629282
4194159,18295,0.85831574, ,4194450,19100,0.89629282, ,90.1167,18295,0.85831574, ,90.173545,19100,0.89629282
4194167,18295,0.85831574, ,4194442,19100,0.89629282, ,90.118394,18295,0.85831574, ,90.172039,19100,0.89629282
4194175,18155,0.851747596, ,4194434,19100,0.89629282, ,90.1199,18155,0.851747596, ,90.170533,19100,0.89629282
4194183,18155,0.851747596, ,4194427,18980,0.890661661, ,90.121406,18155,0.851747596, ,90.169027,18980,0.890661661
4194191,18155,0.851747596, ,4194419,18980,0.890661661, ,90.122912,18155,0.851747596, ,90.167521,18980,0.890661661
4194199,18155,0.851747596, ,4194411,18980,0.890661661, ,90.124418,18155,0.851747596, ,90.166016,18980,0.890661661
4194207,18005,0.844710298, ,4194403,18860,0.885030502, ,90.125923,18005,0.844710298, ,90.16451,18860,0.885030502
4194215,18005,0.844710298, ,4194395,18860,0.885030502, ,90.127429,18005,0.844710298, ,90.163192,18860,0.885030502
4194223,18005,0.844710298, ,4194387,18860,0.885030502, ,90.128935,18005,0.844710298, ,90.161498,18860,0.885030502
4194231,17855,0.837673, ,4194379,18730,0.87893008, ,90.130253,17855,0.837673, ,90.160181,18730,0.87893008
4194238,17855,0.837673, ,4194371,18730,0.87893008, ,90.131758,17855,0.837673, ,90.158487,18730,0.87893008
4194246,17855,0.837673, ,4194363,18730,0.87893008, ,90.133264,17855,0.837673, ,90.157169,18730,0.87893008
4194254,17705,0.830635703, ,4194355,18600,0.872829657, ,90.13477,17705,0.830635703, ,90.155475,18600,0.872829657
4194262,17705,0.830635703, ,4194347,18600,0.872829657, ,90.136276,17705,0.830635703, ,90.153969,18600,0.872829657
4194271,17705,0.830635703, ,4194339,18600,0.872829657, ,90.137782,17705,0.830635703, ,90.152463,18600,0.872829657
4194278,17705,0.830635703, ,4194331,18465,0.866494603, ,90.139287,17705,0.830635703, ,90.151146,18465,0.866494603
4194287,17565,0.824067558, ,4194324,18465,0.866494603, ,90.140982,17565,0.824067558, ,90.14964,18465,0.866494603
4194295,17565,0.824067558, ,4194315,18465,0.866494603, ,90.142487,17565,0.824067558, ,90.148134,18465,0.866494603
4194303,17565,0.824067558, ,4194307,18325,0.859924918, ,90.143993,17565,0.824067558, ,90.146628,18325,0.859924918
4194311,17425,0.817499414, ,4194299,18325,0.859924918, ,90.145499,17425,0.817499414, ,90.145123,18325,0.859924918
4194320,17425,0.817499414, ,4194292,18325,0.859924918, ,90.147005,17425,0.817499414, ,90.143617,18325,0.859924918
4194327,17425,0.817499414, ,4194284,18325,0.859924918, ,90.148511,17425,0.817499414, ,90.142111,18325,0.859924918
4194336,17300,0.811634999, ,4194276,18180,0.853120601, ,90.150016,17300,0.811634999, ,90.140605,18180,0.853120601
4194344,17300,0.811634999, ,4194268,18180,0.853120601, ,90.15171,17300,0.811634999, ,90.139099,18180,0.853120601
4194352,17300,0.811634999, ,4194260,18180,0.853120601, ,90.153216,17300,0.811634999, ,90.137593,18180,0.853120601
4194360,17185,0.806239737, ,4194252,18035,0.846316283, ,90.154534,17185,0.806239737, ,90.136276,18035,0.846316283
4194367,17185,0.806239737, ,4194244,18035,0.846316283, ,90.156228,17185,0.806239737, ,90.134582,18035,0.846316283
4194376,17185,0.806239737, ,4194236,18035,0.846316283, ,90.157734,17185,0.806239737, ,90.133076,18035,0.846316283
4194384,17085,0.801548205, ,4194228,17880,0.839042703, ,90.159051,17085,0.801548205, ,90.13157,17880,0.839042703
4194392,17085,0.801548205, ,4194220,17880,0.839042703, ,90.160745,17085,0.801548205, ,90.130064,17880,0.839042703
4194400,17085,0.801548205, ,4194212,17880,0.839042703, ,90.162063,17085,0.801548205, ,90.128559,17880,0.839042703
4194408,17000,0.797560403, ,4194204,17730,0.832003754, ,90.163757,17000,0.797560403, ,90.127053,17730,0.832003754
4194416,17000,0.797560403, ,4194196,17730,0.832003754, ,90.165263,17000,0.797560403, ,90.125547,17730,0.832003754
4194424,17000,0.797560403, ,4194188,17730,0.832003754, ,90.166769,17000,0.797560403, ,90.124041,17730,0.832003754
4194432,17000,0.797560403, ,4194180,17730,0.832003754, ,90.168274,17000,0.797560403, ,90.122535,17730,0.832003754
4194440,16925,0.794041755, ,4194172,17585,0.825199437, ,90.16978,16925,0.794041755, ,90.121218,17585,0.825199437
4194448,16925,0.794041755, ,4194164,17585,0.825199437, ,90.171286,16925,0.794041755, ,90.119712,17585,0.825199437
4194456,16925,0.794041755, ,4194156,17585,0.825199437, ,90.172792,16925,0.794041755, ,90.118206,17585,0.825199437
4194465,16865,0.791226836, ,4194148,17445,0.818629751, ,90.174298,16865,0.791226836, ,90.1167,17445,0.818629751
4194473,16865,0.791226836, ,4194141,17445,0.818629751, ,90.175803,16865,0.791226836, ,90.115195,17445,0.818629751
4194481,16865,0.791226836, ,4194133,17445,0.818629751, ,90.177309,16865,0.791226836, ,90.113689,17445,0.818629751
4194488,16820,0.789115646, ,4194125,17315,0.812529329, ,90.178815,16820,0.789115646, ,90.112183,17315,0.812529329
4194496,16820,0.789115646, ,4194117,17315,0.812529329, ,90.180321,16820,0.789115646, ,90.110677,17315,0.812529329
4194504,16820,0.789115646, ,4194109,17315,0.812529329, ,90.181827,16820,0.789115646, ,90.109171,17315,0.812529329
4194512,16790,0.787708187, ,4194101,17195,0.80689817, ,90.183332,16790,0.787708187, ,90.107665,17195,0.80689817
4194520,16790,0.787708187, ,4194093,17195,0.80689817, ,90.184838,16790,0.787708187, ,90.106348,17195,0.80689817
4194528,16790,0.787708187, ,4194086,17195,0.80689817, ,90.186344,16790,0.787708187, ,90.104842,17195,0.80689817
4194537,16775,0.787004457, ,4194078,17090,0.801970906, ,90.18785,16775,0.787004457, ,90.103336,17090,0.801970906
4194545,16775,0.787004457, ,4194070,17090,0.801970906, ,90.189356,16775,0.787004457, ,90.10183,17090,0.801970906
4194553,16775,0.787004457, ,4194062,17090,0.801970906, ,90.19105,16775,0.787004457, ,90.100325,17090,0.801970906
4194561,16775,0.787004457, ,4194054,17000,0.797747536, ,90.192556,16775,0.787004457, ,90.098819,17000,0.797747536
4194570,16775,0.787004457, ,4194046,17000,0.797747536, ,90.194061,16775,0.787004457, ,90.097313,17000,0.797747536
4194578,16775,0.787004457, ,4194038,17000,0.797747536, ,90.195755,16775,0.787004457, ,90.095995,17000,0.797747536
4194586,16775,0.787004457, ,4194031,17000,0.797747536, ,90.197261,16775,0.787004457, ,90.09449,17000,0.797747536
4194595,16785,0.78747361, ,4194023,16925,0.794228062, ,90.198767,16785,0.78747361, ,90.092984,16925,0.794228062
4194603,16785,0.78747361, ,4194015,16925,0.794228062, ,90.200461,16785,0.78747361, ,90.091478,16925,0.794228062
4194611,16785,0.78747361, ,4194008,16925,0.794228062, ,90.201967,16785,0.78747361, ,90.09016,16925,0.794228062
4194620,16810,0.788646493, ,4194000,16860,0.791177851, ,90.203473,16810,0.788646493, ,90.088655,16860,0.791177851
4194627,16810,0.788646493, ,4193992,16860,0.791177851, ,90.204978,16810,0.788646493, ,90.087149,16860,0.791177851
4194635,16810,0.788646493, ,4193985,16860,0.791177851, ,90.206484,16810,0.788646493, ,90.085831,16860,0.791177851
4194643,16850,0.790523106, ,4193977,16810,0.788831534, ,90.20799,16850,0.790523106, ,90.084325,16810,0.788831534
4194652,16850,0.790523106, ,4193969,16810,0.788831534, ,90.209496,16850,0.790523106, ,90.08282,16810,0.788831534
4194660,16850,0.790523106, ,4193961,16810,0.788831534, ,90.211002,16850,0.790523106, ,90.081314,16810,0.788831534
4194668,16900,0.792868872, ,4193953,16775,0.787189113, ,90.212508,16900,0.792868872, ,90.079996,16775,0.787189113
4194676,16900,0.792868872, ,4193946,16775,0.787189113, ,90.214013,16900,0.792868872, ,90.07849,16775,0.787189113
4194684,16900,0.792868872, ,4193938,16775,0.787189113, ,90.215519,16900,0.792868872, ,90.076985,16775,0.787189113
4194692,16970,0.796152944, ,4193930,16755,0.786250587, ,90.217213,16970,0.796152944, ,90.075479,16755,0.786250587
4194699,16970,0.796152944, ,4193923,16755,0.786250587, ,90.218719,16970,0.796152944, ,90.074161,16755,0.786250587
4194708,16970,0.796152944, ,4193915,16755,0.786250587, ,90.220225,16970,0.796152944, ,90.072655,16755,0.786250587
4194716,17050,0.799906169, ,4193907,16745,0.785781323, ,90.221731,17050,0.799906169, ,90.07115,16745,0.785781323
4194724,17050,0.799906169, ,4193899,16745,0.785781323, ,90.223236,17050,0.799906169, ,90.069832,16745,0.785781323
4194732,17050,0.799906169, ,4193892,16745,0.785781323, ,90.224742,17050,0.799906169, ,90.068326,16745,0.785781323
4194739,17050,0.799906169, ,4193883,16745,0.785781323, ,90.22606,17050,0.799906169, ,90.066632,16745,0.785781323
4194747,17145,0.804363125, ,4193875,16750,0.786015955, ,90.227566,17145,0.804363125, ,90.065126,16750,0.786015955
4194755,17145,0.804363125, ,4193867,16750,0.786015955, ,90.229071,17145,0.804363125, ,90.063621,16750,0.786015955
4194763,17145,0.804363125, ,4193859,16750,0.786015955, ,90.230577,17145,0.804363125, ,90.062115,16750,0.786015955
4194770,17255,0.80952381, ,4193851,16770,0.786954481, ,90.231895,17255,0.80952381, ,90.060797,16770,0.786954481
4194778,17255,0.80952381, ,4193843,16770,0.786954481, ,90.233401,17255,0.80952381, ,90.059103,16770,0.786954481
4194786,17255,0.80952381, ,4193835,16770,0.786954481, ,90.234906,17255,0.80952381, ,90.057597,16770,0.786954481
4194794,17380,0.815388224, ,4193827,16805,0.788596903, ,90.236412,17380,0.815388224, ,90.05628,16805,0.788596903
4194802,17380,0.815388224, ,4193819,16805,0.788596903, ,90.237918,17380,0.815388224, ,90.054774,16805,0.788596903
4194810,17380,0.815388224, ,4193811,16805,0.788596903, ,90.239424,17380,0.815388224, ,90.05308,16805,0.788596903
4194818,17515,0.821721792, ,4193803,16850,0.790708588, ,90.24093,17515,0.821721792, ,90.051574,16850,0.790708588
4194826,17515,0.821721792, ,4193795,16850,0.790708588, ,90.242436,17515,0.821721792, ,90.050256,16850,0.790708588
4194834,17515,0.821721792, ,4193788,16850,0.790708588, ,90.243941,17515,0.821721792, ,90.048751,16850,0.790708588
4194843,17515,0.821721792, ,4193779,16915,0.793758799, ,90.245447,17515,0.821721792, ,90.047245,16915,0.793758799
4194851,17660,0.828524513, ,4193772,16915,0.793758799, ,90.246953,17660,0.828524513, ,90.045739,16915,0.793758799
4194858,17660,0.828524513, ,4193764,16915,0.793758799, ,90.248647,17660,0.828524513, ,90.044233,16915,0.793758799
4194867,17805,0.835327234, ,4193756,16915,0.793758799, ,90.250153,17805,0.835327234, ,90.042727,16915,0.793758799
4194875,17805,0.835327234, ,4193748,16990,0.797278273, ,90.251659,17805,0.835327234, ,90.041222,16990,0.797278273
4194883,17805,0.835327234, ,4193740,16990,0.797278273, ,90.253164,17805,0.835327234, ,90.039716,16990,0.797278273
4194891,17805,0.835327234, ,4193732,16990,0.797278273, ,90.25467,17805,0.835327234, ,90.038398,16990,0.797278273
4194899,17955,0.842364532, ,4193724,17080,0.801501642, ,90.256176,17955,0.842364532, ,90.036892,17080,0.801501642
4194907,17955,0.842364532, ,4193716,17080,0.801501642, ,90.257682,17955,0.842364532, ,90.035387,17080,0.801501642
4194915,17955,0.842364532, ,4193708,17080,0.801501642, ,90.259188,17955,0.842364532, ,90.033881,17080,0.801501642
4194923,18110,0.849636406, ,4193700,17185,0.806428907, ,90.260505,18110,0.849636406, ,90.032375,17185,0.806428907
4194931,18110,0.849636406, ,4193692,17185,0.806428907, ,90.262011,18110,0.849636406, ,90.030681,17185,0.806428907
4194938,18110,0.849636406, ,4193684,17185,0.806428907, ,90.263517,18110,0.849636406, ,90.029363,17185,0.806428907
4194946,18255,0.856439127, ,4193676,17300,0.811825434, ,90.265023,18255,0.856439127, ,90.027669,17300,0.811825434
4194955,18255,0.856439127, ,4193668,17300,0.811825434, ,90.266528,18255,0.856439127, ,90.026163,17300,0.811825434
4194963,18255,0.856439127, ,4193660,17300,0.811825434, ,90.268223,18255,0.856439127, ,90.024658,17300,0.811825434
4194971,18400,0.863241848, ,4193651,17435,0.818160488, ,90.269728,18400,0.863241848, ,90.023152,17435,0.818160488
4194980,18400,0.863241848, ,4193644,17435,0.818160488, ,90.271234,18400,0.863241848, ,90.021646,17435,0.818160488
4194988,18400,0.863241848, ,4193636,17435,0.818160488, ,90.27274,18400,0.863241848, ,90.02014,17435,0.818160488
4194995,18400,0.863241848, ,4193628,17570,0.824495542, ,90.274246,18400,0.863241848, ,90.018634,17570,0.824495542
4195003,18540,0.869809993, ,4193620,17570,0.824495542, ,90.275752,18540,0.869809993, ,90.017129,17570,0.824495542
4195011,18540,0.869809993, ,4193612,17570,0.824495542, ,90.277257,18540,0.869809993, ,90.015623,17570,0.824495542
4195018,18540,0.869809993, ,4193604,17570,0.824495542, ,90.278575,18540,0.869809993, ,90.014117,17570,0.824495542
4195026,18675,0.876143561, ,4193596,17715,0.831299859, ,90.280081,18675,0.876143561, ,90.012611,17715,0.831299859
4195034,18675,0.876143561, ,4193587,17715,0.831299859, ,90.281587,18675,0.876143561, ,90.011105,17715,0.831299859
4195041,18675,0.876143561, ,4193579,17715,0.831299859, ,90.283092,18675,0.876143561, ,90.0096,17715,0.831299859
4195049,18805,0.882242552, ,4193571,17865,0.838338808, ,90.28441,18805,0.882242552, ,90.008094,17865,0.838338808
4195057,18805,0.882242552, ,4193563,17865,0.838338808, ,90.285916,18805,0.882242552, ,90.006588,17865,0.838338808
4195065,18805,0.882242552, ,4193555,17865,0.838338808, ,90.287233,18805,0.882242552, ,90.005082,17865,0.838338808
4195072,18930,0.888106967, ,4193547,18015,0.845377757, ,90.288739,18930,0.888106967, ,90.003388,18015,0.845377757
4195080,18930,0.888106967, ,4193539,18015,0.845377757, ,90.290245,18930,0.888106967, ,90.001882,18015,0.845377757
4195088,18930,0.888106967, ,4193531,18015,0.845377757, ,90.291751,18930,0.888106967, ,90.000376,18015,0.845377757
4195096,19050,0.893736805, ,4193523,18165,0.852416706, ,90.293257,19050,0.893736805, ,89.998871,18165,0.852416706
4195103,19050,0.893736805, ,4193515,18165,0.852416706, ,90.294762,19050,0.893736805, ,89.997365,18165,0.852416706
4195112,19050,0.893736805, ,4193507,18165,0.852416706, ,90.296268,19050,0.893736805, ,89.995859,18165,0.852416706
4195120,19050,0.893736805, ,4193499,18305,0.858986391, ,90.297774,19050,0.893736805, ,89.994353,18305,0.858986391
4195128,19170,0.899366643, ,4193491,18305,0.858986391, ,90.29928,19170,0.899366643, ,89.992847,18305,0.858986391
4195136,19170,0.899366643, ,4193483,18305,0.858986391, ,90.300786,19170,0.899366643, ,89.991342,18305,0.858986391
4195144,19285,0.904761905, ,4193475,18445,0.865556077, ,90.302291,19285,0.904761905, ,89.989836,18445,0.865556077
4195152,19285,0.904761905, ,4193467,18445,0.865556077, ,90.303797,19285,0.904761905, ,89.98833,18445,0.865556077
4195160,19285,0.904761905, ,4193459,18445,0.865556077, ,90.305303,19285,0.904761905, ,89.986824,18445,0.865556077
4195168,19285,0.904761905, ,4193451,18445,0.865556077, ,90.306809,19285,0.904761905, ,89.985318,18445,0.865556077
4195176,19390,0.909688013, ,4193443,18580,0.871891131, ,90.308315,19390,0.909688013, ,89.983813,18580,0.871891131
4195184,19390,0.909688013, ,4193435,18580,0.871891131, ,90.309632,19390,0.909688013, ,89.982307,18580,0.871891131
4195191,19390,0.909688013, ,4193427,18580,0.871891131, ,90.311138,19390,0.909688013, ,89.980801,18580,0.871891131
4195199,19500,0.914848698, ,4193419,18715,0.878226185, ,90.312644,19500,0.914848698, ,89.979295,18715,0.878226185
4195207,19500,0.914848698, ,4193410,18715,0.878226185, ,90.31415,19500,0.914848698, ,89.977789,18715,0.878226185
4195215,19500,0.914848698, ,4193403,18715,0.878226185, ,90.315656,19500,0.914848698, ,89.976283,18715,0.878226185
4195223,19600,0.91954023, ,4193394,18840,0.884091976, ,90.317161,19600,0.91954023, ,89.974778,18840,0.884091976
4195231,19600,0.91954023, ,4193386,18840,0.884091976, ,90.318667,19600,0.91954023, ,89.973272,18840,0.884091976
4195239,19600,0.91954023, ,4193378,18840,0.884091976, ,90.320173,19600,0.91954023, ,89.971766,18840,0.884091976
4195247,19695,0.923997185, ,4193370,18965,0.889957766, ,90.321679,19695,0.923997185, ,89.97026,18965,0.889957766
4195255,19695,0.923997185, ,4193362,18965,0.889957766, ,90.323185,19695,0.923997185, ,89.968754,18965,0.889957766
4195263,19695,0.923997185, ,4193354,18965,0.889957766, ,90.32469,19695,0.923997185, ,89.967249,18965,0.889957766
4195271,19695,0.923997185, ,4193346,19085,0.895588925, ,90.326196,19695,0.923997185, ,89.965743,19085,0.895588925
4195279,19790,0.92845414, ,4193338,19085,0.895588925, ,90.327702,19790,0.92845414, ,89.964237,19085,0.895588925
4195287,19790,0.92845414, ,4193330,19085,0.895588925, ,90.32902,19790,0.92845414, ,89.962731,19085,0.895588925
4195294,19790,0.92845414, ,4193322,19085,0.895588925, ,90.330525,19790,0.92845414, ,89.961037,19085,0.895588925
4195302,19880,0.932676519, ,4193314,19200,0.900985453, ,90.332031,19880,0.932676519, ,89.959531,19200,0.900985453
4195310,19880,0.932676519, ,4193306,19200,0.900985453, ,90.333349,19880,0.932676519, ,89.958026,19200,0.900985453
4195317,19880,0.932676519, ,4193297,19200,0.900985453, ,90.334855,19880,0.932676519, ,89.95652,19200,0.900985453
4195325,19970,0.936898897, ,4193290,19315,0.90638198, ,90.33636,19970,0.936898897, ,89.955014,19315,0.90638198
4195333,19970,0.936898897, ,4193281,19315,0.90638198, ,90.337866,19970,0.936898897, ,89.953508,19315,0.90638198
4195341,19970,0.936898897, ,4193273,19315,0.90638198, ,90.339184,19970,0.936898897, ,89.952002,19315,0.90638198
4195348,20055,0.9408867, ,4193265,19420,0.911309244, ,90.34069,20055,0.9408867, ,89.950496,19420,0.911309244
4195356,20055,0.9408867, ,4193257,19420,0.911309244, ,90.342195,20055,0.9408867, ,89.948802,19420,0.911309244
4195365,20055,0.9408867, ,4193249,19420,0.911309244, ,90.343701,20055,0.9408867, ,89.947297,19420,0.911309244
4195373,20135,0.944639925, ,4193241,19525,0.916236509, ,90.345207,20135,0.944639925, ,89.945791,19525,0.916236509
4195380,20135,0.944639925, ,4193233,19525,0.916236509, ,90.346713,20135,0.944639925, ,89.944285,19525,0.916236509
4195389,20135,0.944639925, ,4193225,19525,0.916236509, ,90.348219,20135,0.944639925, ,89.942779,19525,0.916236509
4195397,20210,0.948158574, ,4193217,19630,0.921163773, ,90.349913,20210,0.948158574, ,89.941273,19630,0.921163773
4195405,20210,0.948158574, ,4193209,19630,0.921163773, ,90.351419,20210,0.948158574, ,89.939768,19630,0.921163773
4195413,20210,0.948158574, ,4193201,19630,0.921163773, ,90.352924,20210,0.948158574, ,89.93845,19630,0.921163773
4195421,20210,0.948158574, ,4193193,19725,0.925621774, ,90.35443,20210,0.948158574, ,89.936944,19725,0.925621774
4195429,20285,0.951677223, ,4193186,19725,0.925621774, ,90.355936,20285,0.951677223, ,89.935438,19725,0.925621774
4195437,20285,0.951677223, ,4193178,19725,0.925621774, ,90.357442,20285,0.951677223, ,89.933933,19725,0.925621774
4195445,20285,0.951677223, ,4193170,19725,0.925621774, ,90.358948,20285,0.951677223, ,89.932427,19725,0.925621774
4195453,20355,0.954961295, ,4193162,19820,0.930079775, ,90.360265,20355,0.954961295, ,89.930921,19820,0.930079775
4195461,20355,0.954961295, ,4193154,19820,0.930079775, ,90.361771,20355,0.954961295, ,89.929415,19820,0.930079775
4195468,20355,0.954961295, ,4193146,19820,0.930079775, ,90.363277,20355,0.954961295, ,89.927909,19820,0.930079775
4195476,20420,0.958010791, ,4193138,19910,0.934303144, ,90.364783,20420,0.958010791, ,89.926404,19910,0.934303144
4195484,20420,0.958010791, ,4193130,19910,0.934303144, ,90.366288,20420,0.958010791, ,89.924898,19910,0.934303144
4195492,20420,0.958010791, ,4193122,19910,0.934303144, ,90.367794,20420,0.958010791, ,89.923392,19910,0.934303144
4195500,20485,0.961060286, ,4193114,20000,0.938526513, ,90.3693,20485,0.961060286, ,89.921886,20000,0.938526513
4195508,20485,0.961060286, ,4193105,20000,0.938526513, ,90.370806,20485,0.961060286, ,89.92038,20000,0.938526513
4195515,20485,0.961060286, ,4193098,20000,0.938526513, ,90.372123,20485,0.961060286, ,89.918874,20000,0.938526513
4195524,20545,0.963875205, ,4193090,20080,0.942280619, ,90.373629,20545,0.963875205, ,89.917369,20080,0.942280619
4195532,20545,0.963875205, ,4193082,20080,0.942280619, ,90.375135,20545,0.963875205, ,89.915863,20080,0.942280619
4195540,20545,0.963875205, ,4193073,20080,0.942280619, ,90.376641,20545,0.963875205, ,89.914169,20080,0.942280619
4195547,20545,0.963875205, ,4193065,20080,0.942280619, ,90.378147,20545,0.963875205, ,89.912663,20080,0.942280619
4195556,20605,0.966690124, ,4193057,20160,0.946034725, ,90.379653,20605,0.966690124, ,89.911157,20160,0.946034725
4195563,20605,0.966690124, ,4193049,20160,0.946034725, ,90.381158,20605,0.966690124, ,89.909651,20160,0.946034725
4195570,20605,0.966690124, ,4193041,20160,0.946034725, ,90.382664,20605,0.966690124, ,89.908146,20160,0.946034725
4195578,20660,0.969270467, ,4193033,20240,0.949788832, ,90.383982,20660,0.969270467, ,89.90664,20240,0.949788832
4195586,20660,0.969270467, ,4193024,20240,0.949788832, ,90.385488,20660,0.969270467, ,89.905134,20240,0.949788832
4195594,20660,0.969270467, ,4193016,20240,0.949788832, ,90.386993,20660,0.969270467, ,89.903628,20240,0.949788832
4195602,20715,0.971850809, ,4193008,20315,0.953308306, ,90.388311,20715,0.971850809, ,89.902122,20315,0.953308306
4195609,20715,0.971850809, ,4193000,20315,0.953308306, ,90.389817,20715,0.971850809, ,89.900616,20315,0.953308306
4195617,20715,0.971850809, ,4192992,20315,0.953308306, ,90.391323,20715,0.971850809, ,89.899111,20315,0.953308306
4195625,20765,0.974196575, ,4192984,20385,0.956593149, ,90.392828,20765,0.974196575, ,89.897605,20385,0.956593149
4195633,20765,0.974196575, ,4192976,20385,0.956593149, ,90.394334,20765,0.974196575, ,89.896099,20385,0.956593149
4195641,20765,0.974196575, ,4192968,20385,0.956593149, ,90.39584,20765,0.974196575, ,89.894593,20385,0.956593149
4195649,20810,0.976307764, ,4192960,20450,0.95964336, ,90.397346,20810,0.976307764, ,89.893087,20450,0.95964336
4195657,20810,0.976307764, ,4192952,20450,0.95964336, ,90.398852,20810,0.976307764, ,89.891582,20450,0.95964336
4195665,20810,0.976307764, ,4192944,20450,0.95964336, ,90.400357,20810,0.976307764, ,89.890076,20450,0.95964336
4195673,20855,0.978418954, ,4192936,20515,0.962693571, ,90.401863,20855,0.978418954, ,89.88857,20515,0.962693571
4195681,20855,0.978418954, ,4192928,20515,0.962693571, ,90.403369,20855,0.978418954, ,89.887064,20515,0.962693571
4195689,20855,0.978418954, ,4192920,20515,0.962693571, ,90.404875,20855,0.978418954, ,89.885558,20515,0.962693571
4195697,20855,0.978418954, ,4192912,20515,0.962693571, ,90.406569,20855,0.978418954, ,89.884053,20515,0.962693571
4195706,20900,0.980530143, ,4192904,20580,0.965743782, ,90.407886,20900,0.980530143, ,89.882547,20580,0.965743782
4195713,20900,0.980530143, ,4192896,20580,0.965743782, ,90.409392,20900,0.980530143, ,89.881041,20580,0.965743782
4195722,20900,0.980530143, ,4192888,20580,0.965743782, ,90.410898,20900,0.980530143, ,89.879535,20580,0.965743782
4195730,20935,0.982172179, ,4192880,20640,0.968559362, ,90.412404,20935,0.982172179, ,89.878029,20640,0.968559362
4195737,20935,0.982172179, ,4192872,20640,0.968559362, ,90.41391,20935,0.982172179, ,89.876524,20640,0.968559362
4195746,20935,0.982172179, ,4192864,20640,0.968559362, ,90.415416,20935,0.982172179, ,89.875018,20640,0.968559362
4195754,20975,0.984048792, ,4192856,20695,0.97114031, ,90.41711,20975,0.984048792, ,89.873324,20695,0.97114031
4195762,20975,0.984048792, ,4192848,20695,0.97114031, ,90.418615,20975,0.984048792, ,89.872006,20695,0.97114031
4195770,20975,0.984048792, ,4192840,20695,0.97114031, ,90.420121,20975,0.984048792, ,89.870312,20695,0.97114031
4195778,21010,0.985690828, ,4192832,20745,0.973486626, ,90.421439,21010,0.985690828, ,89.868994,20745,0.973486626
4195786,21010,0.985690828, ,4192824,20745,0.973486626, ,90.423133,21010,0.985690828, ,89.867489,20745,0.973486626
4195794,21010,0.985690828, ,4192816,20745,0.973486626, ,90.424639,21010,0.985690828, ,89.865983,20745,0.973486626
4195802,21040,0.987098288, ,4192808,20795,0.975832942, ,90.425956,21040,0.987098288, ,89.864477,20795,0.975832942
4195810,21040,0.987098288, ,4192800,20795,0.975832942, ,90.427462,21040,0.987098288, ,89.862971,20795,0.975832942
4195818,21040,0.987098288, ,4192793,20795,0.975832942, ,90.428968,21040,0.987098288, ,89.861465,20795,0.975832942
4195826,21040,0.987098288, ,4192785,20845,0.978179259, ,90.430474,21040,0.987098288, ,89.85996,20845,0.978179259
4195833,21070,0.988505747, ,4192777,20845,0.978179259, ,90.431979,21070,0.988505747, ,89.858454,20845,0.978179259
4195841,21070,0.988505747, ,4192769,20845,0.978179259, ,90.433485,21070,0.988505747, ,89.856948,20845,0.978179259
4195848,21070,0.988505747, ,4192760,20845,0.978179259, ,90.434991,21070,0.988505747, ,89.855442,20845,0.978179259
4195857,21095,0.98967863, ,4192752,20890,0.980290943, ,90.436309,21095,0.98967863, ,89.853936,20890,0.980290943
4195864,21095,0.98967863, ,4192744,20890,0.980290943, ,90.437814,21095,0.98967863, ,89.852431,20890,0.980290943
4195872,21095,0.98967863, ,4192736,20890,0.980290943, ,90.43932,21095,0.98967863, ,89.850925,20890,0.980290943
4195880,21120,0.990851513, ,4192728,20930,0.982167996, ,90.440638,21120,0.990851513, ,89.849231,20930,0.982167996
4195887,21120,0.990851513, ,4192720,20930,0.982167996, ,90.442144,21120,0.990851513, ,89.847725,20930,0.982167996
4195895,21120,0.990851513, ,4192712,20930,0.982167996, ,90.443649,21120,0.990851513, ,89.846219,20930,0.982167996
4195903,21140,0.991789819, ,4192704,20970,0.984045049, ,90.445155,21140,0.991789819, ,89.844713,20970,0.984045049
4195911,21140,0.991789819, ,4192696,20970,0.984045049, ,90.446661,21140,0.991789819, ,89.843207,20970,0.984045049
4195919,21140,0.991789819, ,4192688,20970,0.984045049, ,90.448167,21140,0.991789819, ,89.84189,20970,0.984045049
4195927,21160,0.992728126, ,4192681,21005,0.985687471, ,90.449673,21160,0.992728126, ,89.840384,21005,0.985687471
4195936,21160,0.992728126, ,4192673,21005,0.985687471, ,90.451367,21160,0.992728126, ,89.838878,21005,0.985687471
4195944,21160,0.992728126, ,4192665,21005,0.985687471, ,90.452873,21160,0.992728126, ,89.837372,21005,0.985687471
4195952,21160,0.992728126, ,4192657,21040,0.987329892, ,90.45419,21160,0.992728126, ,89.835867,21040,0.987329892
4195960,21180,0.993666432, ,4192649,21040,0.987329892, ,90.455884,21180,0.993666432, ,89.834549,21040,0.987329892
4195969,21180,0.993666432, ,4192641,21040,0.987329892, ,90.45739,21180,0.993666432, ,89.833043,21040,0.987329892
4195976,21180,0.993666432, ,4192633,21040,0.987329892, ,90.458896,21180,0.993666432, ,89.831537,21040,0.987329892
4195985,21195,0.994370162, ,4192626,21070,0.988737682, ,90.460402,21195,0.994370162, ,89.830032,21070,0.988737682
4195992,21195,0.994370162, ,4192617,21070,0.988737682, ,90.461907,21195,0.994370162, ,89.828526,21070,0.988737682
4196001,21195,0.994370162, ,4192610,21070,0.988737682, ,90.463413,21195,0.994370162, ,89.82702,21070,0.988737682
4196009,21210,0.995073892, ,4192602,21100,0.990145472, ,90.465107,21210,0.995073892, ,89.825514,21100,0.990145472
4196017,21210,0.995073892, ,4192594,21100,0.990145472, ,90.466425,21210,0.995073892, ,89.824008,21100,0.990145472
4196025,21210,0.995073892, ,4192586,21100,0.990145472, ,90.467931,21210,0.995073892, ,89.822503,21100,0.990145472
4196032,21220,0.995543045, ,4192577,21125,0.99131863, ,90.469436,21220,0.995543045, ,89.820997,21125,0.99131863
4196041,21220,0.995543045, ,4192570,21125,0.99131863, ,90.471131,21220,0.995543045, ,89.819491,21125,0.99131863
4196049,21220,0.995543045, ,4192562,21125,0.99131863, ,90.472636,21220,0.995543045, ,89.817985,21125,0.99131863
4196057,21235,0.996246775, ,4192554,21150,0.992491788, ,90.474142,21235,0.996246775, ,89.816668,21150,0.992491788
4196065,21235,0.996246775, ,4192546,21150,0.992491788, ,90.475648,21235,0.996246775, ,89.815162,21150,0.992491788
4196074,21235,0.996246775, ,4192539,21150,0.992491788, ,90.477154,21235,0.996246775, ,89.813656,21150,0.992491788
4196082,21245,0.996715928, ,4192531,21170,0.993430314, ,90.478848,21245,0.996715928, ,89.81215,21170,0.993430314
4196091,21245,0.996715928, ,4192523,21170,0.993430314, ,90.480354,21245,0.996715928, ,89.810833,21170,0.993430314
4196098,21245,0.996715928, ,4192515,21170,0.993430314, ,90.481859,21245,0.996715928, ,89.809327,21170,0.993430314
4196106,21245,0.996715928, ,4192508,21190,0.994368841, ,90.483365,21245,0.996715928, ,89.807821,21190,0.994368841
4196114,21255,0.997185081, ,4192500,21190,0.994368841, ,90.484871,21255,0.997185081, ,89.806315,21190,0.994368841
4196122,21255,0.997185081, ,4192492,21190,0.994368841, ,90.486377,21255,0.997185081, ,89.804998,21190,0.994368841
4196131,21255,0.997185081, ,4192484,21190,0.994368841, ,90.487883,21255,0.997185081, ,89.803492,21190,0.994368841
4196139,21260,0.997419658, ,4192477,21205,0.995072736, ,90.489388,21260,0.997419658, ,89.801986,21205,0.995072736
4196147,21260,0.997419658, ,4192469,21205,0.995072736, ,90.491083,21260,0.997419658, ,89.80048,21205,0.995072736
4196155,21260,0.997419658, ,4192461,21205,0.995072736, ,90.4924,21260,0.997419658, ,89.798974,21205,0.995072736
4196163,21265,0.997654234, ,4192453,21220,0.995776631, ,90.493906,21265,0.997654234, ,89.797468,21220,0.995776631
4196171,21265,0.997654234, ,4192445,21220,0.995776631, ,90.4956,21265,0.997654234, ,89.796151,21220,0.995776631
4196180,21265,0.997654234, ,4192438,21220,0.995776631, ,90.497106,21265,0.997654234, ,89.794645,21220,0.995776631
4196188,21270,0.997888811, ,4192430,21235,0.996480526, ,90.498612,21270,0.997888811, ,89.793139,21235,0.996480526
4196197,21270,0.997888811, ,4192422,21235,0.996480526, ,90.500306,21270,0.997888811, ,89.791633,21235,0.996480526
4196205,21270,0.997888811, ,4192414,21235,0.996480526, ,90.501811,21270,0.997888811, ,89.790316,21235,0.996480526
4196213,21275,0.998123387, ,4192406,21245,0.996949789, ,90.503505,21275,0.998123387, ,89.78881,21245,0.996949789
4196222,21275,0.998123387, ,4192399,21245,0.996949789, ,90.505011,21275,0.998123387, ,89.787304,21245,0.996949789
4196230,21275,0.998123387, ,4192391,21245,0.996949789, ,90.506517,21275,0.998123387, ,89.785798,21245,0.996949789
4196238,21280,0.998357964, ,4192383,21255,0.997419052, ,90.508211,21280,0.998357964, ,89.784481,21255,0.997419052
4196246,21280,0.998357964, ,4192376,21255,0.997419052, ,90.509717,21280,0.998357964, ,89.782975,21255,0.997419052
4196254,21280,0.998357964, ,4192368,21255,0.997419052, ,90.511223,21280,0.998357964, ,89.781469,21255,0.997419052
4196263,21280,0.998357964, ,4192360,21265,0.997888315, ,90.512729,21280,0.998357964, ,89.780152,21265,0.997888315
4196271,21280,0.998357964, ,4192353,21265,0.997888315, ,90.514423,21280,0.998357964, ,89.778646,21265,0.997888315
4196279,21280,0.998357964, ,4192344,21265,0.997888315, ,90.515928,21280,0.998357964, ,89.77714,21265,0.997888315
4196287,21280,0.998357964, ,4192337,21265,0.997888315, ,90.517434,21280,0.998357964, ,89.775634,21265,0.997888315
4196295,21280,0.998357964, ,4192329,21275,0.998357579, ,90.51894,21280,0.998357964, ,89.774317,21275,0.998357579
4196303,21280,0.998357964, ,4192321,21275,0.998357579, ,90.520446,21280,0.998357964, ,89.772811,21275,0.998357579
4196311,21280,0.998357964, ,4192313,21275,0.998357579, ,90.521952,21280,0.998357964, ,89.771305,21275,0.998357579
4196319,21280,0.998357964, ,4192305,21280,0.99859221, ,90.523457,21280,0.998357964, ,89.769799,21280,0.99859221
4196327,21280,0.998357964, ,4192297,21280,0.99859221, ,90.524963,21280,0.998357964, ,89.768293,21280,0.99859221
4196335,21280,0.998357964, ,4192290,21280,0.99859221, ,90.526469,21280,0.998357964, ,89.766788,21280,0.99859221
4196343,21280,0.998357964, ,4192282,21285,0.998826842, ,90.527975,21280,0.998357964, ,89.765282,21285,0.998826842
4196351,21280,0.998357964, ,4192273,21285,0.998826842, ,90.529481,21280,0.998357964, ,89.763776,21285,0.998826842
4196359,21280,0.998357964, ,4192265,21285,0.998826842, ,90.530986,21280,0.998357964, ,89.76227,21285,0.998826842
4196367,21280,0.998357964, ,4192257,21290,0.999061473, ,90.532492,21280,0.998357964, ,89.760764,21290,0.999061473
4196374,21280,0.998357964, ,4192249,21290,0.999061473, ,90.533998,21280,0.998357964, ,89.759259,21290,0.999061473
4196383,21280,0.998357964, ,4192242,21290,0.999061473, ,90.535316,21280,0.998357964, ,89.757753,21290,0.999061473
4196390,21280,0.998357964, ,4192234,21290,0.999061473, ,90.536821,21280,0.998357964, ,89.756247,21290,0.999061473
4196398,21280,0.998357964, ,4192225,21295,0.999296105, ,90.538327,21280,0.998357964, ,89.754741,21295,0.999296105
4196405,21280,0.998357964, ,4192218,21295,0.999296105, ,90.539833,21280,0.998357964, ,89.753235,21295,0.999296105
4196413,21280,0.998357964, ,4192210,21295,0.999296105, ,90.541151,21280,0.998357964, ,89.751729,21295,0.999296105
4196420,21280,0.998357964, ,4192201,21300,0.999530737, ,90.542657,21280,0.998357964, ,89.750224,21300,0.999530737
4196428,21280,0.998357964, ,4192193,21300,0.999530737, ,90.543974,21280,0.998357964, ,89.748718,21300,0.999530737
4196436,21280,0.998357964, ,4192185,21300,0.999530737, ,90.54548,21280,0.998357964, ,89.747212,21300,0.999530737
4196444,21280,0.998357964, ,4192177,21300,0.999530737, ,90.546986,21280,0.998357964, ,89.745706,21300,0.999530737
4196452,21280,0.998357964, ,4192169,21300,0.999530737, ,90.548303,21280,0.998357964, ,89.7442,21300,0.999530737
4196460,21280,0.998357964, ,4192161,21300,0.999530737, ,90.549997,21280,0.998357964, ,89.742695,21300,0.999530737
4196468,21280,0.998357964, ,4192154,21305,0.999765368, ,90.551503,21280,0.998357964, ,89.741189,21305,0.999765368
4196476,21280,0.998357964, ,4192146,21305,0.999765368, ,90.553009,21280,0.998357964, ,89.739683,21305,0.999765368
4196484,21280,0.998357964, ,4192137,21305,0.999765368, ,90.554515,21280,0.998357964, ,89.738177,21305,0.999765368
4196493,21280,0.998357964, ,4192129,21305,0.999765368, ,90.556021,21280,0.998357964, ,89.736671,21305,0.999765368
4196500,21280,0.998357964, ,4192121,21305,0.999765368, ,90.557526,21280,0.998357964, ,89.735166,21305,0.999765368
4196508,21280,0.998357964, ,4192113,21305,0.999765368, ,90.559032,21280,0.998357964, ,89.73366,21305,0.999765368
4196517,21280,0.998357964, ,4192106,21305,0.999765368, ,90.560538,21280,0.998357964, ,89.732154,21305,0.999765368
4196524,21280,0.998357964, ,4192098,21305,0.999765368, ,90.562044,21280,0.998357964, ,89.730648,21305,0.999765368
4196533,21280,0.998357964, ,4192090,21305,0.999765368, ,90.56355,21280,0.998357964, ,89.729142,21305,0.999765368
4196541,21280,0.998357964, ,4192082,21305,0.999765368, ,90.565055,21280,0.998357964, ,89.727636,21305,0.999765368
4196550,21280,0.998357964, ,4192074,21305,0.999765368, ,90.566749,21280,0.998357964, ,89.726131,21305,0.999765368
4196557,21280,0.998357964, ,4192066,21305,0.999765368, ,90.568255,21280,0.998357964, ,89.724625,21305,0.999765368
4196565,21280,0.998357964, ,4192058,21305,0.999765368, ,90.569761,21280,0.998357964, ,89.723307,21305,0.999765368
4196573,21280,0.998357964, ,4192050,21305,0.999765368, ,90.571267,21280,0.998357964, ,89.721801,21305,0.999765368
4196581,21280,0.998357964, ,4192042,21305,0.999765368, ,90.572773,21280,0.998357964, ,89.720107,21305,0.999765368
4196589,21280,0.998357964, ,4192034,21305,0.999765368, ,90.574279,21280,0.998357964, ,89.71879,21305,0.999765368
4196597,21280,0.998357964, ,4192026,21305,0.999765368, ,90.575784,21280,0.998357964, ,89.717096,21305,0.999765368
4196605,21280,0.998357964, ,4192018,21305,0.999765368, ,90.57729,21280,0.998357964, ,89.71559,21305,0.999765368
4196613,21280,0.998357964, ,4192010,21305,0.999765368, ,90.578796,21280,0.998357964, ,89.714272,21305,0.999765368
4196621,21280,0.998357964, ,4192002,21305,0.999765368, ,90.580302,21280,0.998357964, ,89.712767,21305,0.999765368
4196629,21280,0.998357964, ,4191994,21305,0.999765368, ,90.581808,21280,0.998357964, ,89.711261,21305,0.999765368
4196637,21280,0.998357964, ,4191986,21305,0.999765368, ,90.583313,21280,0.998357964, ,89.709755,21305,0.999765368
4196645,21280,0.998357964, ,4191978,21305,0.999765368, ,90.584819,21280,0.998357964, ,89.708249,21305,0.999765368
4196653,21280,0.998357964, ,4191970,21305,0.999765368, ,90.586325,21280,0.998357964, ,89.706743,21305,0.999765368
4196661,21280,0.998357964, ,4191962,21305,0.999765368, ,90.587643,21280,0.998357964, ,89.705238,21305,0.999765368
4196668,21280,0.998357964, ,4191954,21305,0.999765368, ,90.589148,21280,0.998357964, ,89.703732,21305,0.999765368
4196676,21280,0.998357964, ,4191946,21305,0.999765368, ,90.590654,21280,0.998357964, ,89.702226,21305,0.999765368
4196684,21280,0.998357964, ,4191938,21305,0.999765368, ,90.59216,21280,0.998357964, ,89.70072,21305,0.999765368
4196691,21280,0.998357964, ,4191930,21305,0.999765368, ,90.593478,21280,0.998357964, ,89.699214,21305,0.999765368
4196699,21275,0.998123387, ,4191922,21305,0.999765368, ,90.594983,21275,0.998123387, ,89.69752,21305,0.999765368
4196706,21275,0.998123387, ,4191914,21305,0.999765368, ,90.596301,21275,0.998123387, ,89.696014,21305,0.999765368
4196714,21275,0.998123387, ,4191906,21305,0.999765368, ,90.597807,21275,0.998123387, ,89.694509,21305,0.999765368
4196722,21275,0.998123387, ,4191898,21305,0.999765368, ,90.599313,21275,0.998123387, ,89.693003,21305,0.999765368
4196731,21275,0.998123387, ,4191890,21305,0.999765368, ,90.600818,21275,0.998123387, ,89.691497,21305,0.999765368
4196738,21275,0.998123387, ,4191882,21305,0.999765368, ,90.602324,21275,0.998123387, ,89.689991,21305,0.999765368
4196747,21275,0.998123387, ,4191874,21305,0.999765368, ,90.60383,21275,0.998123387, ,89.688485,21305,0.999765368
4196755,21275,0.998123387, ,4191866,21305,0.999765368, ,90.605524,21275,0.998123387, ,89.68698,21305,0.999765368
4196763,21275,0.998123387, ,4191858,21305,0.999765368, ,90.60703,21275,0.998123387, ,89.685474,21305,0.999765368
4196771,21275,0.998123387, ,4191850,21305,0.999765368, ,90.608536,21275,0.998123387, ,89.683968,21305,0.999765368
4196779,21275,0.998123387, ,4191842,21305,0.999765368, ,90.610042,21275,0.998123387, ,89.68265,21305,0.999765368
4196787,21275,0.998123387, ,4191834,21305,0.999765368, ,90.611547,21275,0.998123387, ,89.681145,21305,0.999765368
4196795,21275,0.998123387, ,4191826,21310,1, ,90.613053,21275,0.998123387, ,89.679639,21310,1
4196802,21275,0.998123387, ,4191818,21310,1, ,90.614371,21275,0.998123387, ,89.678133,21310,1
4196811,21275,0.998123387, ,4191810,21310,1, ,90.615877,21275,0.998123387, ,89.676627,21310,1
4196818,21275,0.998123387, ,4191802,21310,1, ,90.617382,21275,0.998123387, ,89.675121,21310,1
4196826,21270,0.997888811, ,4191794,21310,1, ,90.618888,21270,0.997888811, ,89.673427,21310,1
4196834,21270,0.997888811, ,4191786,21310,1, ,90.620394,21270,0.997888811, ,89.671922,21310,1
4196842,21270,0.997888811, ,4191778,21310,1, ,90.6219,21270,0.997888811, ,89.670416,21310,1
4196850,21270,0.997888811, ,4191769,21310,1, ,90.623406,21270,0.997888811, ,89.66891,21310,1
4196857,21270,0.997888811, ,4191761,21310,1, ,90.624723,21270,0.997888811, ,89.667404,21310,1
4196865,21270,0.997888811, ,4191753,21310,1, ,90.626229,21270,0.997888811, ,89.665898,21310,1
4196874,21270,0.997888811, ,4191745,21310,1, ,90.627735,21270,0.997888811, ,89.664392,21310,1
4196881,21270,0.997888811, ,4191737,21310,1, ,90.629241,21270,0.997888811, ,89.662887,21310,1
4196890,21270,0.997888811, ,4191730,21310,1, ,90.630746,21270,0.997888811, ,89.661381,21310,1
4196897,21270,0.997888811, ,4191722,21310,1, ,90.632252,21270,0.997888811, ,89.659875,21310,1
4196905,21270,0.997888811, ,4191713,21310,1, ,90.633758,21270,0.997888811, ,89.658369,21310,1
4196913,21270,0.997888811, ,4191705,21310,1, ,90.635264,21270,0.997888811, ,89.656863,21310,1
4196921,21270,0.997888811, ,4191697,21310,1, ,90.63677,21270,0.997888811, ,89.655358,21310,1
4196928,21270,0.997888811, ,4191690,21310,1, ,90.638275,21270,0.997888811, ,89.653852,21310,1
4196936,21270,0.997888811, ,4191681,21310,1, ,90.639593,21270,0.997888811, ,89.652346,21310,1
4196944,21270,0.997888811, ,4191673,21310,1, ,90.641099,21270,0.997888811, ,89.65084,21310,1
4196952,21270,0.997888811, ,4191665,21310,1, ,90.642605,21270,0.997888811, ,89.649334,21310,1
4196960,21270,0.997888811, ,4191657,21310,1, ,90.644111,21270,0.997888811, ,89.647829,21310,1
4196967,21270,0.997888811, ,4191649,21310,1, ,90.645616,21270,0.997888811, ,89.646134,21310,1
4196975,21270,0.997888811, ,4191641,21310,1, ,90.646934,21270,0.997888811, ,89.644817,21310,1
4196983,21270,0.997888811, ,4191633,21310,1, ,90.64844,21270,0.997888811, ,89.643123,21310,1
4196991,21270,0.997888811, ,4191625,21310,1, ,90.649946,21270,0.997888811, ,89.641805,21310,1
4196999,21270,0.997888811, ,4191617,21305,0.999765368, ,90.651451,21270,0.997888811, ,89.640111,21305,0.999765368
4197008,21270,0.997888811, ,4191609,21305,0.999765368, ,90.652957,21270,0.997888811, ,89.638605,21305,0.999765368
4197016,21270,0.997888811, ,4191601,21305,0.999765368, ,90.654463,21270,0.997888811, ,89.637288,21305,0.999765368
4197023,21270,0.997888811, ,4191593,21305,0.999765368, ,90.655969,21270,0.997888811, ,89.635782,21305,0.999765368
4197031,21270,0.997888811, ,4191585,21305,0.999765368, ,90.657663,21270,0.997888811, ,89.634088,21305,0.999765368
4197040,21270,0.997888811, ,4191577,21305,0.999765368, ,90.659169,21270,0.997888811, ,89.63277,21305,0.999765368
4197048,21270,0.997888811, ,4191569,21305,0.999765368, ,90.660674,21270,0.997888811, ,89.631265,21305,0.999765368
4197056,21270,0.997888811, ,4191561,21305,0.999765368, ,90.66218,21270,0.997888811, ,89.629759,21305,0.999765368
4197064,21270,0.997888811, ,4191553,21305,0.999765368, ,90.663686,21270,0.997888811, ,89.628253,21305,0.999765368
4197072,21270,0.997888811, ,4191545,21305,0.999765368, ,90.665192,21270,0.997888811, ,89.626747,21305,0.999765368
4197080,21270,0.997888811, ,4191538,21305,0.999765368, ,90.666698,21270,0.997888811, ,89.625241,21305,0.999765368
4197088,21270,0.997888811, ,4191530,21305,0.999765368, ,90.668203,21270,0.997888811, ,89.623736,21305,0.999765368
4197096,21270,0.997888811, ,4191522,21305,0.999765368, ,90.669709,21270,0.997888811, ,89.62223,21305,0.999765368
4197104,21270,0.997888811, ,4191514,21305,0.999765368, ,90.671215,21270,0.997888811, ,89.620724,21305,0.999765368
4197111,21270,0.997888811, ,4191506,21305,0.999765368, ,90.672721,21270,0.997888811, ,89.619218,21305,0.999765368
4197120,21270,0.997888811, ,4191498,21305,0.999765368, ,90.674227,21270,0.997888811, ,89.617712,21305,0.999765368
4197128,21270,0.997888811, ,4191490,21305,0.999765368, ,90.675544,21270,0.997888811, ,89.616207,21305,0.999765368
4197136,21270,0.997888811, ,4191482,21305,0.999765368, ,90.67705,21270,0.997888811, ,89.614701,21305,0.999765368
4197143,21270,0.997888811, ,4191473,21305,0.999765368, ,90.678556,21270,0.997888811, ,89.613195,21305,0.999765368
4197152,21270,0.997888811, ,4191466,21305,0.999765368, ,90.680062,21270,0.997888811, ,89.611689,21305,0.999765368
4197159,21270,0.997888811, ,4191457,21305,0.999765368, ,90.681568,21270,0.997888811, ,89.610183,21305,0.999765368
4197167,21270,0.997888811, ,4191448,21305,0.999765368, ,90.683073,21270,0.997888811, ,89.608489,21305,0.999765368
4197175,21270,0.997888811, ,4191440,21300,0.999530737, ,90.684579,21270,0.997888811, ,89.606983,21300,0.999530737
4197184,21270,0.997888811, ,4191432,21300,0.999530737, ,90.686085,21270,0.997888811, ,89.605478,21300,0.999530737
4197191,21270,0.997888811, ,4191424,21300,0.999530737, ,90.687591,21270,0.997888811, ,89.603972,21300,0.999530737
4197199,21270,0.997888811, ,4191416,21300,0.999530737, ,90.689097,21270,0.997888811, ,89.602466,21300,0.999530737
4197207,21270,0.997888811, ,4191408,21300,0.999530737, ,90.690602,21270,0.997888811, ,89.600772,21300,0.999530737
4197214,21270,0.997888811, ,4191400,21300,0.999530737, ,90.69192,21270,0.997888811, ,89.599266,21300,0.999530737
4197222,21270,0.997888811, ,4191391,21300,0.999530737, ,90.693426,21270,0.997888811, ,89.59776,21300,0.999530737
4197230,21265,0.997654234, ,4191383,21300,0.999530737, ,90.694743,21265,0.997654234, ,89.596255,21300,0.999530737
4197237,21265,0.997654234, ,4191375,21300,0.999530737, ,90.696249,21265,0.997654234, ,89.59456,21300,0.999530737
4197245,21265,0.997654234, ,4191367,21300,0.999530737, ,90.697755,21265,0.997654234, ,89.593055,21300,0.999530737
4197253,21265,0.997654234, ,4191358,21300,0.999530737, ,90.699261,21265,0.997654234, ,89.591549,21300,0.999530737
4197260,21265,0.997654234, ,4191350,21300,0.999530737, ,90.700578,21265,0.997654234, ,89.590043,21300,0.999530737
4197268,21265,0.997654234, ,4191342,21300,0.999530737, ,90.702084,21265,0.997654234, ,89.588537,21300,0.999530737
4197276,21265,0.997654234, ,4191334,21300,0.999530737, ,90.70359,21265,0.997654234, ,89.586843,21300,0.999530737
4197284,21265,0.997654234, ,4191326,21300,0.999530737, ,90.704908,21265,0.997654234, ,89.585337,21300,0.999530737
4197292,21265,0.997654234, ,4191317,21300,0.999530737, ,90.706602,21265,0.997654234, ,89.583832,21300,0.999530737
4197300,21265,0.997654234, ,4191309,21300,0.999530737, ,90.708107,21265,0.997654234, ,89.582326,21300,0.999530737
4197308,21265,0.997654234, ,4191301,21300,0.999530737, ,90.709613,21265,0.997654234, ,89.58082,21300,0.999530737
4197316,21265,0.997654234, ,4191293,21300,0.999530737, ,90.711119,21265,0.997654234, ,89.579314,21300,0.999530737
4197324,21260,0.997419658, ,4191285,21300,0.999530737, ,90.712437,21260,0.997419658, ,89.577808,21300,0.999530737
4197332,21260,0.997419658, ,4191277,21300,0.999530737, ,90.714131,21260,0.997419658, ,89.576303,21300,0.999530737
4197340,21260,0.997419658, ,4191269,21300,0.999530737, ,90.715637,21260,0.997419658, ,89.574797,21300,0.999530737
4197349,21260,0.997419658, ,4191261,21300,0.999530737, ,90.717142,21260,0.997419658, ,89.573291,21300,0.999530737
4197357,21260,0.997419658, ,4191253,21300,0.999530737, ,90.718648,21260,0.997419658, ,89.571785,21300,0.999530737
4197364,21260,0.997419658, ,4191245,21300,0.999530737, ,90.720154,21260,0.997419658, ,89.570279,21300,0.999530737
4197372,21260,0.997419658, ,4191237,21300,0.999530737, ,90.72166,21260,0.997419658, ,89.568585,21300,0.999530737
4197379,21260,0.997419658, ,4191229,21300,0.999530737, ,90.723166,21260,0.997419658, ,89.567268,21300,0.999530737
4197387,21260,0.997419658, ,4191221,21300,0.999530737, ,90.724671,21260,0.997419658, ,89.565762,21300,0.999530737
4197396,21260,0.997419658, ,4191213,21300,0.999530737, ,90.725989,21260,0.997419658, ,89.564256,21300,0.999530737
4197403,21260,0.997419658, ,4191205,21300,0.999530737, ,90.727495,21260,0.997419658, ,89.56275,21300,0.999530737
4197411,21260,0.997419658, ,4191197,21300,0.999530737, ,90.729001,21260,0.997419658, ,89.561244,21300,0.999530737
4197419,21260,0.997419658, ,4191189,21300,0.999530737, ,90.730506,21260,0.997419658, ,89.559739,21300,0.999530737
4197427,21260,0.997419658, ,4191181,21300,0.999530737, ,90.732012,21260,0.997419658, ,89.558233,21300,0.999530737
4197435,21260,0.997419658, ,4191173,21300,0.999530737, ,90.733518,21260,0.997419658, ,89.556727,21300,0.999530737
4197443,21260,0.997419658, ,4191166,21300,0.999530737, ,90.735024,21260,0.997419658, ,89.555221,21300,0.999530737
4197451,21260,0.997419658, ,4191158,21300,0.999530737, ,90.73653,21260,0.997419658, ,89.553715,21300,0.999530737
4197459,21260,0.997419658, ,4191150,21300,0.999530737, ,90.738035,21260,0.997419658, ,89.55221,21300,0.999530737
4197467,21260,0.997419658, ,4191142,21300,0.999530737, ,90.739541,21260,0.997419658, ,89.550704,21300,0.999530737
4197475,21260,0.997419658, ,4191134,21300,0.999530737, ,90.741047,21260,0.997419658, ,89.549198,21300,0.999530737
4197483,21260,0.997419658, ,4191126,21300,0.999530737, ,90.742365,21260,0.997419658, ,89.54788,21300,0.999530737
4197490,21260,0.997419658, ,4191118,21300,0.999530737, ,90.74387,21260,0.997419658, ,89.546375,21300,0.999530737
4197498,21255,0.997185081, ,4191110,21300,0.999530737, ,90.745376,21255,0.997185081, ,89.544681,21300,0.999530737
4197506,21255,0.997185081, ,4191102,21300,0.999530737, ,90.746882,21255,0.997185081, ,89.543175,21300,0.999530737
4197514,21255,0.997185081, ,4191094,21300,0.999530737, ,90.748388,21255,0.997185081, ,89.541669,21300,0.999530737
4197521,21255,0.997185081, ,4191086,21300,0.999530737, ,90.749894,21255,0.997185081, ,89.540163,21300,0.999530737
4197529,21255,0.997185081, ,4191078,21295,0.999296105, ,90.751211,21255,0.997185081, ,89.538657,21295,0.999296105
4197538,21255,0.997185081, ,4191070,21295,0.999296105, ,90.752717,21255,0.997185081, ,89.53734,21295,0.999296105
4197546,21255,0.997185081, ,4191062,21295,0.999296105, ,90.754223,21255,0.997185081, ,89.535834,21295,0.999296105
4197554,21255,0.997185081, ,4191054,21295,0.999296105, ,90.755917,21255,0.997185081, ,89.534328,21295,0.999296105
4197563,21255,0.997185081, ,4191047,21295,0.999296105, ,90.757423,21255,0.997185081, ,89.532822,21295,0.999296105
4197571,21255,0.997185081, ,4191039,21295,0.999296105, ,90.758929,21255,0.997185081, ,89.531316,21295,0.999296105
4197579,21255,0.997185081, ,4191031,21295,0.999296105, ,90.760623,21255,0.997185081, ,89.529999,21295,0.999296105
4197587,21255,0.997185081, ,4191023,21295,0.999296105, ,90.762128,21255,0.997185081, ,89.528493,21295,0.999296105
4197596,21255,0.997185081, ,4191015,21295,0.999296105, ,90.763634,21255,0.997185081, ,89.526987,21295,0.999296105
4197604,21255,0.997185081, ,4191008,21295,0.999296105, ,90.76514,21255,0.997185081, ,89.525481,21295,0.999296105
4197612,21255,0.997185081, ,4191000,21295,0.999296105, ,90.766646,21255,0.997185081, ,89.524164,21295,0.999296105
4197620,21255,0.997185081, ,4190992,21295,0.999296105, ,90.76834,21255,0.997185081, ,89.522658,21295,0.999296105
4197628,21255,0.997185081, ,4190985,21295,0.999296105, ,90.769846,21255,0.997185081, ,89.521152,21295,0.999296105
4197636,21255,0.997185081, ,4190976,21295,0.999296105, ,90.771352,21255,0.997185081, ,89.519646,21295,0.999296105
4197644,21255,0.997185081, ,4190969,21295,0.999296105, ,90.772857,21255,0.997185081, ,89.518141,21295,0.999296105
4197652,21255,0.997185081, ,4190960,21295,0.999296105, ,90.774363,21255,0.997185081, ,89.516635,21295,0.999296105
4197660,21250,0.996950504, ,4190952,21295,0.999296105, ,90.775869,21250,0.996950504, ,89.515129,21295,0.999296105
4197668,21250,0.996950504, ,4190944,21295,0.999296105, ,90.777375,21250,0.996950504, ,89.513623,21295,0.999296105
4197677,21250,0.996950504, ,4190937,21295,0.999296105, ,90.778881,21250,0.996950504, ,89.512117,21295,0.999296105
4197684,21250,0.996950504, ,4190929,21295,0.999296105, ,90.780386,21250,0.996950504, ,89.510612,21295,0.999296105
4197693,21250,0.996950504, ,4190921,21295,0.999296105, ,90.78208,21250,0.996950504, ,89.509106,21295,0.999296105
4197702,21250,0.996950504, ,4190913,21295,0.999296105, ,90.783586,21250,0.996950504, ,89.507788,21295,0.999296105
4197709,21250,0.996950504, ,4190905,21295,0.999296105, ,90.785092,21250,0.996950504, ,89.506282,21295,0.999296105
4197718,21250,0.996950504, ,4190898,21295,0.999296105, ,90.786598,21250,0.996950504, ,89.504777,21295,0.999296105
4197726,21250,0.996950504, ,4190890,21295,0.999296105, ,90.788104,21250,0.996950504, ,89.503459,21295,0.999296105
4197734,21250,0.996950504, ,4190882,21295,0.999296105, ,90.789798,21250,0.996950504, ,89.501953,21295,0.999296105
4197742,21250,0.996950504, ,4190875,21295,0.999296105, ,90.791304,21250,0.996950504, ,89.500447,21295,0.999296105
4197750,21250,0.996950504, ,4190867,21295,0.999296105, ,90.792809,21250,0.996950504, ,89.498942,21295,0.999296105
4197758,21250,0.996950504, ,4190859,21295,0.999296105, ,90.794315,21250,0.996950504, ,89.497436,21295,0.999296105
4197765,21250,0.996950504, ,4190851,21295,0.999296105, ,90.795633,21250,0.996950504, ,89.49593,21295,0.999296105
4197774,21250,0.996950504, ,4190843,21295,0.999296105, ,90.797327,21250,0.996950504, ,89.494424,21295,0.999296105
4197782,21245,0.996715928, ,4190835,21295,0.999296105, ,90.798644,21245,0.996715928, ,89.493106,21295,0.999296105
4197789,21245,0.996715928, ,4190827,21295,0.999296105, ,90.80015,21245,0.996715928, ,89.491412,21295,0.999296105
4197797,21245,0.996715928, ,4190820,21295,0.999296105, ,90.801656,21245,0.996715928, ,89.490095,21295,0.999296105
4197805,21245,0.996715928, ,4190812,21295,0.999296105, ,90.803162,21245,0.996715928, ,89.488589,21295,0.999296105
4197813,21245,0.996715928, ,4190804,21295,0.999296105, ,90.804668,21245,0.996715928, ,89.487083,21295,0.999296105
4197822,21245,0.996715928, ,4190795,21295,0.999296105, ,90.806173,21245,0.996715928, ,89.485577,21295,0.999296105
4197830,21245,0.996715928, ,4190788,21295,0.999296105, ,90.807679,21245,0.996715928, ,89.48426,21295,0.999296105
4197838,21245,0.996715928, ,4190780,21295,0.999296105, ,90.809373,21245,0.996715928, ,89.482566,21295,0.999296105
4197846,21245,0.996715928, ,4190773,21295,0.999296105, ,90.810879,21245,0.996715928, ,89.481248,21295,0.999296105
4197855,21245,0.996715928, ,4190765,21295,0.999296105, ,90.812385,21245,0.996715928, ,89.479742,21295,0.999296105
4197863,21245,0.996715928, ,4190757,21300,0.999530737, ,90.813891,21245,0.996715928, ,89.478237,21300,0.999530737
4197871,21245,0.996715928, ,4190749,21300,0.999530737, ,90.815585,21245,0.996715928, ,89.476731,21300,0.999530737
4197879,21245,0.996715928, ,4190741,21300,0.999530737, ,90.817091,21245,0.996715928, ,89.475413,21300,0.999530737
4197887,21240,0.996481351, ,4190734,21300,0.999530737, ,90.818596,21240,0.996481351, ,89.473907,21300,0.999530737
4197896,21240,0.996481351, ,4190726,21300,0.999530737, ,90.820102,21240,0.996481351, ,89.472402,21300,0.999530737
4197904,21240,0.996481351, ,4190718,21300,0.999530737, ,90.821608,21240,0.996481351, ,89.471084,21300,0.999530737
4197911,21240,0.996481351, ,4190710,21300,0.999530737, ,90.823114,21240,0.996481351, ,89.469578,21300,0.999530737
4197920,21240,0.996481351, ,4190703,21300,0.999530737, ,90.82462,21240,0.996481351, ,89.468072,21300,0.999530737
4197928,21240,0.996481351, ,4190695,21300,0.999530737, ,90.826125,21240,0.996481351, ,89.466567,21300,0.999530737
4197936,21240,0.996481351, ,4190687,21300,0.999530737, ,90.827631,21240,0.996481351, ,89.465061,21300,0.999530737
4197944,21240,0.996481351, ,4190679,21300,0.999530737, ,90.829325,21240,0.996481351, ,89.463555,21300,0.999530737
4197952,21240,0.996481351, ,4190671,21300,0.999530737, ,90.830831,21240,0.996481351, ,89.462049,21300,0.999530737
4197960,21240,0.996481351, ,4190663,21300,0.999530737, ,90.832337,21240,0.996481351, ,89.460543,21300,0.999530737
4197968,21240,0.996481351, ,4190655,21300,0.999530737, ,90.833843,21240,0.996481351, ,89.459038,21300,0.999530737
4197976,21240,0.996481351, ,4190646,21300,0.999530737, ,90.835348,21240,0.996481351, ,89.45772,21300,0.999530737
4197984,21240,0.996481351, ,4190638,21300,0.999530737, ,90.836854,21240,0.996481351, ,89.456026,21300,0.999530737
4197992,21240,0.996481351, ,4190630,21300,0.999530737, ,90.83836,21240,0.996481351, ,89.45452,21300,0.999530737
4198000,21240,0.996481351, ,4190622,21300,0.999530737, ,90.839866,21240,0.996481351, ,89.453014,21300,0.999530737
4198008,21240,0.996481351, ,4190615,21300,0.999530737, ,90.841372,21240,0.996481351, ,89.451508,21300,0.999530737
4198016,21240,0.996481351, ,4190607,21300,0.999530737, ,90.842878,21240,0.996481351, ,89.450003,21300,0.999530737
4198024,21240,0.996481351, ,4190599,21300,0.999530737, ,90.844383,21240,0.996481351, ,89.448497,21300,0.999530737
4198032,21240,0.996481351, ,4190591,21300,0.999530737, ,90.845701,21240,0.996481351, ,89.446991,21300,0.999530737
4198040,21240,0.996481351, ,4190583,21300,0.999530737, ,90.847207,21240,0.996481351, ,89.445485,21300,0.999530737
4198047,21240,0.996481351, ,4190575,21300,0.999530737, ,90.848713,21240,0.996481351, ,89.443979,21300,0.999530737
4198055,21240,0.996481351, ,4190567,21300,0.999530737, ,90.850218,21240,0.996481351, ,89.442474,21300,0.999530737
4198063,21240,0.996481351, ,4190559,21295,0.999296105, ,90.851724,21240,0.996481351, ,89.440968,21295,0.999296105
4198070,21240,0.996481351, ,4190551,21295,0.999296105, ,90.853042,21240,0.996481351, ,89.439462,21295,0.999296105
4198078,21240,0.996481351, ,4190543,21295,0.999296105, ,90.854548,21240,0.996481351, ,89.437956,21295,0.999296105
4198087,21240,0.996481351, ,4190535,21295,0.999296105, ,90.856053,21240,0.996481351, ,89.43645,21295,0.999296105
4198095,21240,0.996481351, ,4190527,21295,0.999296105, ,90.857559,21240,0.996481351, ,89.434945,21295,0.999296105
4198103,21240,0.996481351, ,4190519,21295,0.999296105, ,90.859065,21240,0.996481351, ,89.433439,21295,0.999296105
4198111,21240,0.996481351, ,4190511,21295,0.999296105, ,90.860571,21240,0.996481351, ,89.431933,21295,0.999296105
4198120,21240,0.996481351, ,4190503,21295,0.999296105, ,90.862265,21240,0.996481351, ,89.430427,21295,0.999296105
4198128,21240,0.996481351, ,4190495,21295,0.999296105, ,90.863959,21240,0.996481351, ,89.42911,21295,0.999296105
4198136,21240,0.996481351, ,4190487,21295,0.999296105, ,90.865465,21240,0.996481351, ,89.427604,21295,0.999296105
4198144,21240,0.996481351, ,4190479,21295,0.999296105, ,90.86697,21240,0.996481351, ,89.426098,21295,0.999296105
4198153,21240,0.996481351, ,4190472,21295,0.999296105, ,90.868476,21240,0.996481351, ,89.424592,21295,0.999296105
4198160,21240,0.996481351, ,4190464,21295,0.999296105, ,90.869982,21240,0.996481351, ,89.423086,21295,0.999296105
4198169,21240,0.996481351, ,4190455,21295,0.999296105, ,90.871676,21240,0.996481351, ,89.42158,21295,0.999296105
4198177,21240,0.996481351, ,4190448,21295,0.999296105, ,90.872994,21240,0.996481351, ,89.420263,21295,0.999296105
4198185,21240,0.996481351, ,4190440,21295,0.999296105, ,90.8745,21240,0.996481351, ,89.418757,21295,0.999296105
4198192,21240,0.996481351, ,4190433,21295,0.999296105, ,90.876005,21240,0.996481351, ,89.417251,21295,0.999296105
4198201,21240,0.996481351, ,4190425,21295,0.999296105, ,90.877511,21240,0.996481351, ,89.415745,21295,0.999296105
4198208,21240,0.996481351, ,4190416,21295,0.999296105, ,90.879017,21240,0.996481351, ,89.41424,21295,0.999296105
4198216,21240,0.996481351, ,4190409,21295,0.999296105, ,90.880523,21240,0.996481351, ,89.412734,21295,0.999296105
4198224,21240,0.996481351, ,4190401,21295,0.999296105, ,90.882029,21240,0.996481351, ,89.411228,21295,0.999296105
4198232,21240,0.996481351, ,4190393,21295,0.999296105, ,90.883534,21240,0.996481351, ,89.409722,21295,0.999296105
4198240,21240,0.996481351, ,4190385,21295,0.999296105, ,90.88504,21240,0.996481351, ,89.408216,21295,0.999296105
4198248,21235,0.996246775, ,4190377,21295,0.999296105, ,90.886358,21235,0.996246775, ,89.406711,21295,0.999296105
4198256,21235,0.996246775, ,4190369,21295,0.999296105, ,90.887864,21235,0.996246775, ,89.405393,21295,0.999296105
4198263,21235,0.996246775, ,4190361,21295,0.999296105, ,90.889369,21235,0.996246775, ,89.403887,21295,0.999296105
4198271,21235,0.996246775, ,4190353,21295,0.999296105, ,90.891063,21235,0.996246775, ,89.402381,21295,0.999296105
4198280,21235,0.996246775, ,4190345,21295,0.999296105, ,90.892381,21235,0.996246775, ,89.400876,21295,0.999296105
4198287,21235,0.996246775, ,4190338,21295,0.999296105, ,90.893887,21235,0.996246775, ,89.39937,21295,0.999296105
4198295,21235,0.996246775, ,4190330,21295,0.999296105, ,90.895393,21235,0.996246775, ,89.397864,21295,0.999296105
4198302,21235,0.996246775, ,4190322,21295,0.999296105, ,90.89671,21235,0.996246775, ,89.396358,21295,0.999296105
4198310,21235,0.996246775, ,4190314,21295,0.999296105, ,90.898216,21235,0.996246775, ,89.394852,21295,0.999296105
4198318,21235,0.996246775, ,4190306,21295,0.999296105, ,90.899722,21235,0.996246775, ,89.393347,21295,0.999296105
4198325,21235,0.996246775, ,4190298,21295,0.999296105, ,90.901039,21235,0.996246775, ,89.391841,21295,0.999296105
4198333,21235,0.996246775, ,4190290,21295,0.999296105, ,90.902545,21235,0.996246775, ,89.390335,21295,0.999296105
4198340,21235,0.996246775, ,4190282,21295,0.999296105, ,90.904051,21235,0.996246775, ,89.388829,21295,0.999296105
4198348,21230,0.996012198, ,4190273,21295,0.999296105, ,90.905369,21230,0.996012198, ,89.387323,21295,0.999296105
4198356,21230,0.996012198, ,4190266,21295,0.999296105, ,90.906874,21230,0.996012198, ,89.385817,21295,0.999296105
4198364,21230,0.996012198, ,4190258,21295,0.999296105, ,90.90838,21230,0.996012198, ,89.384312,21295,0.999296105
4198372,21230,0.996012198, ,4190249,21295,0.999296105, ,90.909886,21230,0.996012198, ,89.382806,21295,0.999296105
4198380,21230,0.996012198, ,4190242,21295,0.999296105, ,90.911392,21230,0.996012198, ,89.3813,21295,0.999296105
4198388,21230,0.996012198, ,4190233,21295,0.999296105, ,90.912898,21230,0.996012198, ,89.379794,21295,0.999296105
4198396,21230,0.996012198, ,4190225,21295,0.999296105, ,90.914404,21230,0.996012198, ,89.378288,21295,0.999296105
4198404,21230,0.996012198, ,4190217,21295,0.999296105, ,90.915909,21230,0.996012198, ,89.376783,21295,0.999296105
4198413,21230,0.996012198, ,4190209,21295,0.999296105, ,90.917415,21230,0.996012198, ,89.375277,21295,0.999296105
4198421,21230,0.996012198, ,4190201,21295,0.999296105, ,90.918921,21230,0.996012198, ,89.373771,21295,0.999296105
4198429,21230,0.996012198, ,4190193,21295,0.999296105, ,90.920427,21230,0.996012198, ,89.372265,21295,0.999296105
4198436,21230,0.996012198, ,4190185,21295,0.999296105, ,90.921933,21230,0.996012198, ,89.370759,21295,0.999296105
4198444,21230,0.996012198, ,4190177,21295,0.999296105, ,90.923438,21230,0.996012198, ,89.369254,21295,0.999296105
4198452,21230,0.996012198, ,4190169,21295,0.999296105, ,90.924944,21230,0.996012198, ,89.36756,21295,0.999296105
4198460,21230,0.996012198, ,4190161,21295,0.999296105, ,90.92645,21230,0.996012198, ,89.366054,21295,0.999296105
4198468,21225,0.995777621, ,4190152,21295,0.999296105, ,90.927956,21225,0.995777621, ,89.364548,21295,0.999296105
4198476,21225,0.995777621, ,4190144,21295,0.999296105, ,90.929462,21225,0.995777621, ,89.363042,21295,0.999296105
4198484,21225,0.995777621, ,4190136,21295,0.999296105, ,90.930967,21225,0.995777621, ,89.361536,21295,0.999296105
4198492,21225,0.995777621, ,4190128,21295,0.999296105, ,90.932473,21225,0.995777621, ,89.36003,21295,0.999296105
4198500,21225,0.995777621, ,4190120,21295,0.999296105, ,90.933979,21225,0.995777621, ,89.358336,21295,0.999296105
4198508,21225,0.995777621, ,4190112,21295,0.999296105, ,90.935485,21225,0.995777621, ,89.356831,21295,0.999296105
4198516,21225,0.995777621, ,4190103,21295,0.999296105, ,90.936991,21225,0.995777621, ,89.355325,21295,0.999296105
4198524,21225,0.995777621, ,4190095,21295,0.999296105, ,90.938496,21225,0.995777621, ,89.353819,21295,0.999296105
4198532,21225,0.995777621, ,4190088,21295,0.999296105, ,90.940002,21225,0.995777621, ,89.352313,21295,0.999296105
4198540,21225,0.995777621, ,4190079,21295,0.999296105, ,90.941508,21225,0.995777621, ,89.350807,21295,0.999296105
4198548,21225,0.995777621, ,4190071,21295,0.999296105, ,90.943014,21225,0.995777621, ,89.349302,21295,0.999296105
4198556,21225,0.995777621, ,4190064,21295,0.999296105, ,90.94452,21225,0.995777621, ,89.347796,21295,0.999296105
4198563,21225,0.995777621, ,4190056,21295,0.999296105, ,90.946026,21225,0.995777621, ,89.34629,21295,0.999296105
4198571,21225,0.995777621, ,4190048,21295,0.999296105, ,90.947343,21225,0.995777621, ,89.344784,21295,0.999296105
4198579,21225,0.995777621, ,4190039,21295,0.999296105, ,90.948849,21225,0.995777621, ,89.343278,21295,0.999296105
4198587,21225,0.995777621, ,4190031,21295,0.999296105, ,90.950355,21225,0.995777621, ,89.341773,21295,0.999296105
4198595,21225,0.995777621, ,4190023,21290,0.999061473, ,90.951861,21225,0.995777621, ,89.340267,21290,0.999061473
4198603,21225,0.995777621, ,4190015,21290,0.999061473, ,90.953178,21225,0.995777621, ,89.338761,21290,0.999061473
4198610,21225,0.995777621, ,4190007,21290,0.999061473, ,90.954872,21225,0.995777621, ,89.337255,21290,0.999061473
4198618,21225,0.995777621, ,4189999,21290,0.999061473, ,90.95619,21225,0.995777621, ,89.335561,21290,0.999061473
4198626,21225,0.995777621, ,4189990,21290,0.999061473, ,90.957696,21225,0.995777621, ,89.334055,21290,0.999061473
4198634,21225,0.995777621, ,4189982,21290,0.999061473, ,90.959201,21225,0.995777621, ,89.332549,21290,0.999061473
4198642,21225,0.995777621, ,4189974,21290,0.999061473, ,90.960519,21225,0.995777621, ,89.331044,21290,0.999061473
4198649,21225,0.995777621, ,4189966,21290,0.999061473, ,90.962213,21225,0.995777621, ,89.329538,21290,0.999061473
4198658,21225,0.995777621, ,4189958,21290,0.999061473, ,90.963719,21225,0.995777621, ,89.328032,21290,0.999061473
4198666,21225,0.995777621, ,4189950,21290,0.999061473, ,90.965225,21225,0.995777621, ,89.326526,21290,0.999061473
4198674,21225,0.995777621, ,4189942,21290,0.999061473, ,90.96673,21225,0.995777621, ,89.32502,21290,0.999061473
4198682,21225,0.995777621, ,4189934,21290,0.999061473, ,90.968236,21225,0.995777621, ,89.323515,21290,0.999061473
4198690,21225,0.995777621, ,4189926,21290,0.999061473, ,90.969742,21225,0.995777621, ,89.322009,21290,0.999061473
4198698,21220,0.995543045, ,4189918,21290,0.999061473, ,90.971248,21220,0.995543045, ,89.320503,21290,0.999061473
4198706,21220,0.995543045, ,4189911,21290,0.999061473, ,90.972754,21220,0.995543045, ,89.318997,21290,0.999061473
4198714,21220,0.995543045, ,4189903,21290,0.999061473, ,90.974259,21220,0.995543045, ,89.317491,21290,0.999061473
4198722,21220,0.995543045, ,4189895,21290,0.999061473, ,90.975765,21220,0.995543045, ,89.315986,21290,0.999061473
4198730,21220,0.995543045, ,4189887,21290,0.999061473, ,90.977271,21220,0.995543045, ,89.31448,21290,0.999061473
4198738,21220,0.995543045, ,4189879,21290,0.999061473, ,90.978777,21220,0.995543045, ,89.312974,21290,0.999061473
4198745,21220,0.995543045, ,4189871,21290,0.999061473, ,90.980095,21220,0.995543045, ,89.311468,21290,0.999061473
4198753,21220,0.995543045, ,4189863,21290,0.999061473, ,90.9816,21220,0.995543045, ,89.309962,21290,0.999061473
4198760,21220,0.995543045, ,4189854,21290,0.999061473, ,90.983106,21220,0.995543045, ,89.308456,21290,0.999061473
4198769,21220,0.995543045, ,4189846,21290,0.999061473, ,90.984612,21220,0.995543045, ,89.306951,21290,0.999061473
4198777,21220,0.995543045, ,4189838,21285,0.998826842, ,90.98593,21220,0.995543045, ,89.305445,21285,0.998826842
4198784,21220,0.995543045, ,4189830,21285,0.998826842, ,90.987435,21220,0.995543045, ,89.303939,21285,0.998826842
4198792,21220,0.995543045, ,4189821,21285,0.998826842, ,90.988941,21220,0.995543045, ,89.302245,21285,0.998826842
4198800,21220,0.995543045, ,4189813,21285,0.998826842, ,90.990447,21220,0.995543045, ,89.300739,21285,0.998826842
4198808,21220,0.995543045, ,4189805,21285,0.998826842, ,90.991953,21220,0.995543045, ,89.299233,21285,0.998826842
4198815,21220,0.995543045, ,4189797,21285,0.998826842, ,90.993459,21220,0.995543045, ,89.297728,21285,0.998826842
4198823,21220,0.995543045, ,4189789,21285,0.998826842, ,90.994964,21220,0.995543045, ,89.296222,21285,0.998826842
4198832,21220,0.995543045, ,4189781,21285,0.998826842, ,90.996282,21220,0.995543045, ,89.294716,21285,0.998826842
4198839,21220,0.995543045, ,4189773,21285,0.998826842, ,90.997788,21220,0.995543045, ,89.29321,21285,0.998826842
4198847,21220,0.995543045, ,4189765,21285,0.998826842, ,90.999294,21220,0.995543045, ,89.291704,21285,0.998826842
4198855,21220,0.995543045, ,4189757,21285,0.998826842, ,91.000611,21220,0.995543045, ,89.29001,21285,0.998826842
4198862,21220,0.995543045, ,4189749,21285,0.998826842, ,91.002117,21220,0.995543045, ,89.288504,21285,0.998826842
4198870,21215,0.995308468, ,4189740,21285,0.998826842, ,91.003623,21215,0.995308468, ,89.286999,21285,0.998826842
4198878,21215,0.995308468, ,4189732,21285,0.998826842, ,91.00494,21215,0.995308468, ,89.285493,21285,0.998826842
4198885,21215,0.995308468, ,4189724,21285,0.998826842, ,91.006446,21215,0.995308468, ,89.283987,21285,0.998826842
4198894,21215,0.995308468, ,4189716,21285,0.998826842, ,91.007952,21215,0.995308468, ,89.282481,21285,0.998826842
4198902,21215,0.995308468, ,4189708,21285,0.998826842, ,91.009646,21215,0.995308468, ,89.280975,21285,0.998826842
4198910,21215,0.995308468, ,4189700,21285,0.998826842, ,91.011152,21215,0.995308468, ,89.279281,21285,0.998826842
4198918,21215,0.995308468, ,4189692,21285,0.998826842, ,91.012469,21215,0.995308468, ,89.277776,21285,0.998826842
4198926,21215,0.995308468, ,4189684,21285,0.998826842, ,91.014163,21215,0.995308468, ,89.27627,21285,0.998826842
4198934,21215,0.995308468, ,4189676,21285,0.998826842, ,91.015669,21215,0.995308468, ,89.274764,21285,0.998826842
4198942,21215,0.995308468, ,4189668,21285,0.998826842, ,91.017175,21215,0.995308468, ,89.273258,21285,0.998826842
4198950,21220,0.995543045, ,4189659,21285,0.998826842, ,91.018681,21220,0.995543045, ,89.271752,21285,0.998826842
4198958,21220,0.995543045, ,4189652,21285,0.998826842, ,91.020187,21220,0.995543045, ,89.270247,21285,0.998826842
4198967,21220,0.995543045, ,4189644,21285,0.998826842, ,91.021693,21220,0.995543045, ,89.268741,21285,0.998826842
4198975,21220,0.995543045, ,4189636,21285,0.998826842, ,91.023198,21220,0.995543045, ,89.267235,21285,0.998826842
4198983,21220,0.995543045, ,4189628,21285,0.998826842, ,91.024892,21220,0.995543045, ,89.265917,21285,0.998826842
4198991,21220,0.995543045, ,4189620,21285,0.998826842, ,91.026398,21220,0.995543045, ,89.264411,21285,0.998826842
4198999,21220,0.995543045, ,4189612,21285,0.998826842, ,91.027904,21220,0.995543045, ,89.262906,21285,0.998826842
4199006,21220,0.995543045, ,4189604,21285,0.998826842, ,91.02941,21220,0.995543045, ,89.2614,21285,0.998826842
4199015,21220,0.995543045, ,4189596,21285,0.998826842, ,91.030727,21220,0.995543045, ,89.259894,21285,0.998826842
4199022,21220,0.995543045, ,4189588,21285,0.998826842, ,91.032421,21220,0.995543045, ,89.258388,21285,0.998826842
4199031,21220,0.995543045, ,4189580,21285,0.998826842, ,91.033927,21220,0.995543045, ,89.256882,21285,0.998826842
4199038,21220,0.995543045, ,4189572,21285,0.998826842, ,91.035433,21220,0.995543045, ,89.255377,21285,0.998826842
4199046,21220,0.995543045, ,4189564,21285,0.998826842, ,91.036751,21220,0.995543045, ,89.253871,21285,0.998826842
4199055,21220,0.995543045, ,4189556,21285,0.998826842, ,91.038256,21220,0.995543045, ,89.252177,21285,0.998826842
4199062,21220,0.995543045, ,4189548,21285,0.998826842, ,91.039762,21220,0.995543045, ,89.250859,21285,0.998826842
4199070,21220,0.995543045, ,4189540,21285,0.998826842, ,91.041268,21220,0.995543045, ,89.249353,21285,0.998826842
4199079,21220,0.995543045, ,4189532,21285,0.998826842, ,91.042962,21220,0.995543045, ,89.247848,21285,0.998826842
4199086,21220,0.995543045, ,4189524,21285,0.998826842, ,91.04428,21220,0.995543045, ,89.246342,21285,0.998826842
4199094,21220,0.995543045, ,4189517,21285,0.998826842, ,91.045786,21220,0.995543045, ,89.244836,21285,0.998826842
4199102,21220,0.995543045, ,4189508,21285,0.998826842, ,91.047291,21220,0.995543045, ,89.24333,21285,0.998826842
4199110,21220,0.995543045, ,4189501,21285,0.998826842, ,91.048797,21220,0.995543045, ,89.241824,21285,0.998826842
4199118,21220,0.995543045, ,4189493,21285,0.998826842, ,91.050303,21220,0.995543045, ,89.240319,21285,0.998826842
4199126,21220,0.995543045, ,4189485,21285,0.998826842, ,91.051809,21220,0.995543045, ,89.238813,21285,0.998826842
4199133,21220,0.995543045, ,4189476,21285,0.998826842, ,91.053315,21220,0.995543045, ,89.237307,21285,0.998826842
4199141,21220,0.995543045, ,4189469,21285,0.998826842, ,91.054632,21220,0.995543045, ,89.235801,21285,0.998826842
4199149,21220,0.995543045, ,4189461,21285,0.998826842, ,91.056138,21220,0.995543045, ,89.234295,21285,0.998826842
4199156,21220,0.995543045, ,4189452,21285,0.998826842, ,91.057644,21220,0.995543045, ,89.232789,21285,0.998826842
4199165,21220,0.995543045, ,4189445,21285,0.998826842, ,91.05915,21220,0.995543045, ,89.231284,21285,0.998826842
4199172,21220,0.995543045, ,4189437,21285,0.998826842, ,91.060467,21220,0.995543045, ,89.229778,21285,0.998826842
4199180,21220,0.995543045, ,4189429,21285,0.998826842, ,91.061973,21220,0.995543045, ,89.228272,21285,0.998826842
4199187,21220,0.995543045, ,4189421,21285,0.998826842, ,91.063479,21220,0.995543045, ,89.226766,21285,0.998826842
4199196,21220,0.995543045, ,4189413,21285,0.998826842, ,91.064985,21220,0.995543045, ,89.225449,21285,0.998826842
4199204,21220,0.995543045, ,4189405,21285,0.998826842, ,91.06649,21220,0.995543045, ,89.223943,21285,0.998826842
4199212,21220,0.995543045, ,4189397,21285,0.998826842, ,91.067996,21220,0.995543045, ,89.222437,21285,0.998826842
4199220,21220,0.995543045, ,4189390,21285,0.998826842, ,91.069502,21220,0.995543045, ,89.220931,21285,0.998826842
4199228,21215,0.995308468, ,4189382,21285,0.998826842, ,91.071008,21215,0.995308468, ,89.219425,21285,0.998826842
4199237,21215,0.995308468, ,4189374,21285,0.998826842, ,91.072514,21215,0.995308468, ,89.21792,21285,0.998826842
4199245,21215,0.995308468, ,4189365,21285,0.998826842, ,91.074019,21215,0.995308468, ,89.216414,21285,0.998826842
4199252,21215,0.995308468, ,4189358,21285,0.998826842, ,91.075525,21215,0.995308468, ,89.215096,21285,0.998826842
4199260,21215,0.995308468, ,4189350,21285,0.998826842, ,91.077219,21215,0.995308468, ,89.21359,21285,0.998826842
4199269,21215,0.995308468, ,4189343,21285,0.998826842, ,91.078725,21215,0.995308468, ,89.212085,21285,0.998826842
4199277,21215,0.995308468, ,4189335,21285,0.998826842, ,91.080231,21215,0.995308468, ,89.210579,21285,0.998826842
4199285,21215,0.995308468, ,4189327,21285,0.998826842, ,91.081737,21215,0.995308468, ,89.209073,21285,0.998826842
4199292,21215,0.995308468, ,4189319,21285,0.998826842, ,91.083243,21215,0.995308468, ,89.207567,21285,0.998826842
4199301,21215,0.995308468, ,4189311,21285,0.998826842, ,91.08456,21215,0.995308468, ,89.206061,21285,0.998826842
4199309,21215,0.995308468, ,4189302,21285,0.998826842, ,91.086066,21215,0.995308468, ,89.204556,21285,0.998826842
4199317,21215,0.995308468, ,4189294,21285,0.998826842, ,91.087572,21215,0.995308468, ,89.20305,21285,0.998826842
4199325,21215,0.995308468, ,4189287,21285,0.998826842, ,91.089266,21215,0.995308468, ,89.201544,21285,0.998826842
4199333,21215,0.995308468, ,4189279,21285,0.998826842, ,91.090772,21215,0.995308468, ,89.200038,21285,0.998826842
4199341,21215,0.995308468, ,4189271,21285,0.998826842, ,91.092277,21215,0.995308468, ,89.198532,21285,0.998826842
4199349,21215,0.995308468, ,4189263,21285,0.998826842, ,91.093783,21215,0.995308468, ,89.197026,21285,0.998826842
4199357,21215,0.995308468, ,4189255,21285,0.998826842, ,91.095289,21215,0.995308468, ,89.195709,21285,0.998826842
4199365,21215,0.995308468, ,4189247,21285,0.998826842, ,91.096795,21215,0.995308468, ,89.194203,21285,0.998826842
4199374,21215,0.995308468, ,4189240,21285,0.998826842, ,91.098301,21215,0.995308468, ,89.192697,21285,0.998826842
4199382,21215,0.995308468, ,4189231,21285,0.998826842, ,91.099995,21215,0.995308468, ,89.191191,21285,0.998826842
4199390,21215,0.995308468, ,4189224,21285,0.998826842, ,91.1015,21215,0.995308468, ,89.189686,21285,0.998826842
4199398,21215,0.995308468, ,4189216,21285,0.998826842, ,91.103006,21215,0.995308468, ,89.18818,21285,0.998826842
4199406,21210,0.995073892, ,4189208,21285,0.998826842, ,91.104512,21210,0.995073892, ,89.186674,21285,0.998826842
4199413,21210,0.995073892, ,4189200,21285,0.998826842, ,91.106018,21210,0.995073892, ,89.185168,21285,0.998826842
4199422,21210,0.995073892, ,4189192,21285,0.998826842, ,91.107524,21210,0.995073892, ,89.183662,21285,0.998826842
4199430,21210,0.995073892, ,4189184,21290,0.999061473, ,91.10903,21210,0.995073892, ,89.182157,21290,0.999061473
4199437,21210,0.995073892, ,4189176,21290,0.999061473, ,91.110535,21210,0.995073892, ,89.180651,21290,0.999061473
4199446,21210,0.995073892, ,4189167,21290,0.999061473, ,91.112041,21210,0.995073892, ,89.179145,21290,0.999061473
4199454,21210,0.995073892, ,4189160,21290,0.999061473, ,91.113547,21210,0.995073892, ,89.177639,21290,0.999061473
4199463,21210,0.995073892, ,4189152,21290,0.999061473, ,91.115053,21210,0.995073892, ,89.176322,21290,0.999061473
4199471,21210,0.995073892, ,4189144,21290,0.999061473, ,91.116747,21210,0.995073892, ,89.174816,21290,0.999061473
4199480,21210,0.995073892, ,4189137,21290,0.999061473, ,91.118253,21210,0.995073892, ,89.17331,21290,0.999061473
4199488,21210,0.995073892, ,4189129,21290,0.999061473, ,91.119947,21210,0.995073892, ,89.171804,21290,0.999061473
4199496,21210,0.995073892, ,4189121,21290,0.999061473, ,91.121452,21210,0.995073892, ,89.170298,21290,0.999061473
4199504,21210,0.995073892, ,4189114,21290,0.999061473, ,91.122958,21210,0.995073892, ,89.168981,21290,0.999061473
4199513,21205,0.994839315, ,4189106,21290,0.999061473, ,91.124464,21205,0.994839315, ,89.167475,21290,0.999061473
4199521,21205,0.994839315, ,4189098,21290,0.999061473, ,91.126158,21205,0.994839315, ,89.166157,21290,0.999061473
4199529,21205,0.994839315, ,4189091,21290,0.999061473, ,91.127664,21205,0.994839315, ,89.164652,21290,0.999061473
4199537,21205,0.994839315, ,4189083,21290,0.999061473, ,91.12917,21205,0.994839315, ,89.163146,21290,0.999061473
4199545,21205,0.994839315, ,4189075,21290,0.999061473, ,91.130676,21205,0.994839315, ,89.161828,21290,0.999061473
4199554,21205,0.994839315, ,4189068,21290,0.999061473, ,91.132181,21205,0.994839315, ,89.160322,21290,0.999061473
4199561,21205,0.994839315, ,4189060,21290,0.999061473, ,91.133687,21205,0.994839315, ,89.158817,21290,0.999061473
4199570,21205,0.994839315, ,4189052,21290,0.999061473, ,91.135193,21205,0.994839315, ,89.157499,21290,0.999061473
4199578,21205,0.994839315, ,4189044,21290,0.999061473, ,91.136887,21205,0.994839315, ,89.155993,21290,0.999061473
4199585,21205,0.994839315, ,4189036,21290,0.999061473, ,91.138205,21205,0.994839315, ,89.154299,21290,0.999061473
4199594,21205,0.994839315, ,4189029,21290,0.999061473, ,91.139899,21205,0.994839315, ,89.152982,21290,0.999061473
4199602,21205,0.994839315, ,4189021,21290,0.999061473, ,91.141404,21205,0.994839315, ,89.151476,21290,0.999061473
4199610,21205,0.994839315, ,4189013,21290,0.999061473, ,91.14291,21205,0.994839315, ,89.14997,21290,0.999061473
4199618,21205,0.994839315, ,4189004,21290,0.999061473, ,91.144416,21205,0.994839315, ,89.148464,21290,0.999061473
4199626,21205,0.994839315, ,4188997,21290,0.999061473, ,91.145922,21205,0.994839315, ,89.146958,21290,0.999061473
4199634,21205,0.994839315, ,4188989,21290,0.999061473, ,91.147428,21205,0.994839315, ,89.145452,21290,0.999061473
4199642,21205,0.994839315, ,4188981,21285,0.998826842, ,91.148934,21205,0.994839315, ,89.143947,21285,0.998826842
4199650,21205,0.994839315, ,4188973,21285,0.998826842, ,91.150439,21205,0.994839315, ,89.142629,21285,0.998826842
4199658,21205,0.994839315, ,4188966,21285,0.998826842, ,91.151945,21205,0.994839315, ,89.141123,21285,0.998826842
4199666,21205,0.994839315, ,4188958,21285,0.998826842, ,91.153451,21205,0.994839315, ,89.139617,21285,0.998826842
4199673,21205,0.994839315, ,4188950,21285,0.998826842, ,91.154957,21205,0.994839315, ,89.138112,21285,0.998826842
4199683,21205,0.994839315, ,4188942,21285,0.998826842, ,91.156463,21205,0.994839315, ,89.136606,21285,0.998826842
4199690,21205,0.994839315, ,4188934,21285,0.998826842, ,91.157968,21205,0.994839315, ,89.135288,21285,0.998826842
4199698,21205,0.994839315, ,4188926,21285,0.998826842, ,91.159474,21205,0.994839315, ,89.133782,21285,0.998826842
4199706,21205,0.994839315, ,4188918,21285,0.998826842, ,91.16098,21205,0.994839315, ,89.132277,21285,0.998826842
4199714,21205,0.994839315, ,4188910,21285,0.998826842, ,91.162486,21205,0.994839315, ,89.130771,21285,0.998826842
4199721,21205,0.994839315, ,4188902,21285,0.998826842, ,91.163803,21205,0.994839315, ,89.129265,21285,0.998826842
4199729,21205,0.994839315, ,4188894,21285,0.998826842, ,91.165309,21205,0.994839315, ,89.127759,21285,0.998826842
4199738,21205,0.994839315, ,4188886,21285,0.998826842, ,91.166815,21205,0.994839315, ,89.126253,21285,0.998826842
4199746,21205,0.994839315, ,4188878,21285,0.998826842, ,91.168321,21205,0.994839315, ,89.124748,21285,0.998826842
4199754,21205,0.994839315, ,4188870,21285,0.998826842, ,91.169827,21205,0.994839315, ,89.123242,21285,0.998826842
4199761,21205,0.994839315, ,4188863,21285,0.998826842, ,91.171521,21205,0.994839315, ,89.121736,21285,0.998826842
4199770,21205,0.994839315, ,4188855,21285,0.998826842, ,91.173027,21205,0.994839315, ,89.12023,21285,0.998826842
4199778,21205,0.994839315, ,4188847,21285,0.998826842, ,91.174532,21205,0.994839315, ,89.118724,21285,0.998826842
4199786,21205,0.994839315, ,4188839,21285,0.998826842, ,91.176038,21205,0.994839315, ,89.117219,21285,0.998826842
4199794,21205,0.994839315, ,4188831,21285,0.998826842, ,91.177544,21205,0.994839315, ,89.115713,21285,0.998826842
4199802,21205,0.994839315, ,4188823,21285,0.998826842, ,91.17905,21205,0.994839315, ,89.114395,21285,0.998826842
4199810,21205,0.994839315, ,4188815,21285,0.998826842, ,91.180556,21205,0.994839315, ,89.112701,21285,0.998826842
4199818,21205,0.994839315, ,4188807,21285,0.998826842, ,91.182061,21205,0.994839315, ,89.111383,21285,0.998826842
4199826,21205,0.994839315, ,4188799,21285,0.998826842, ,91.183567,21205,0.994839315, ,89.109878,21285,0.998826842
4199833,21205,0.994839315, ,4188791,21285,0.998826842, ,91.184885,21205,0.994839315, ,89.108372,21285,0.998826842
4199842,21205,0.994839315, ,4188783,21285,0.998826842, ,91.186391,21205,0.994839315, ,89.106866,21285,0.998826842
4199849,21205,0.994839315, ,4188775,21285,0.998826842, ,91.187896,21205,0.994839315, ,89.10536,21285,0.998826842
4199857,21205,0.994839315, ,4188767,21285,0.998826842, ,91.189402,21205,0.994839315, ,89.103854,21285,0.998826842
4199865,21205,0.994839315, ,4188759,21285,0.998826842, ,91.190908,21205,0.994839315, ,89.10216,21285,0.998826842
4199873,21200,0.994604738, ,4188751,21285,0.998826842, ,91.192414,21200,0.994604738, ,89.100655,21285,0.998826842
4199881,21200,0.994604738, ,4188743,21285,0.998826842, ,91.19392,21200,0.994604738, ,89.099149,21285,0.998826842
4199889,21200,0.994604738, ,4188734,21285,0.998826842, ,91.195425,21200,0.994604738, ,89.097643,21285,0.998826842
4199897,21200,0.994604738, ,4188726,21285,0.998826842, ,91.196931,21200,0.994604738, ,89.096137,21285,0.998826842
4199905,21200,0.994604738, ,4188719,21285,0.998826842, ,91.198437,21200,0.994604738, ,89.094631,21285,0.998826842
4199913,21200,0.994604738, ,4188710,21285,0.998826842, ,91.199943,21200,0.994604738, ,89.093126,21285,0.998826842
4199920,21200,0.994604738, ,4188703,21285,0.998826842, ,91.201449,21200,0.994604738, ,89.09162,21285,0.998826842
4199928,21200,0.994604738, ,4188694,21285,0.998826842, ,91.202766,21200,0.994604738, ,89.090114,21285,0.998826842
4199936,21200,0.994604738, ,4188686,21285,0.998826842, ,91.204272,21200,0.994604738, ,89.088608,21285,0.998826842
4199943,21200,0.994604738, ,4188678,21285,0.998826842, ,91.205778,21200,0.994604738, ,89.087102,21285,0.998826842
4199951,21200,0.994604738, ,4188670,21285,0.998826842, ,91.207284,21200,0.994604738, ,89.085596,21285,0.998826842
4199959,21200,0.994604738, ,4188662,21285,0.998826842, ,91.208601,21200,0.994604738, ,89.084091,21285,0.998826842
4199967,21200,0.994604738, ,4188654,21285,0.998826842, ,91.210107,21200,0.994604738, ,89.082585,21285,0.998826842
4199974,21200,0.994604738, ,4188646,21285,0.998826842, ,91.211425,21200,0.994604738, ,89.081079,21285,0.998826842
4199981,21200,0.994604738, ,4188638,21285,0.998826842, ,91.21293,21200,0.994604738, ,89.079573,21285,0.998826842
4199989,21200,0.994604738, ,4188630,21285,0.998826842, ,91.214248,21200,0.994604738, ,89.078067,21285,0.998826842
4199997,21200,0.994604738, ,4188622,21285,0.998826842, ,91.215754,21200,0.994604738, ,89.076373,21285,0.998826842
4200005,21200,0.994604738, ,4188614,21285,0.998826842, ,91.21726,21200,0.994604738, ,89.074868,21285,0.998826842
4200013,21200,0.994604738, ,4188606,21285,0.998826842, ,91.218766,21200,0.994604738, ,89.073362,21285,0.998826842
4200021,21200,0.994604738, ,4188597,21285,0.998826842, ,91.220083,21200,0.994604738, ,89.071856,21285,0.998826842
4200029,21200,0.994604738, ,4188589,21285,0.998826842, ,91.221589,21200,0.994604738, ,89.07035,21285,0.998826842
4200037,21200,0.994604738, ,4188582,21285,0.998826842, ,91.223095,21200,0.994604738, ,89.068844,21285,0.998826842
4200044,21200,0.994604738, ,4188574,21285,0.998826842, ,91.224601,21200,0.994604738, ,89.067339,21285,0.998826842
4200052,21200,0.994604738, ,4188566,21285,0.998826842, ,91.226106,21200,0.994604738, ,89.065833,21285,0.998826842
4200060,21200,0.994604738, ,4188558,21285,0.998826842, ,91.227612,21200,0.994604738, ,89.064327,21285,0.998826842
4200067,21200,0.994604738, ,4188550,21285,0.998826842, ,91.229118,21200,0.994604738, ,89.062821,21285,0.998826842
4200076,21200,0.994604738, ,4188542,21285,0.998826842, ,91.230624,21200,0.994604738, ,89.061315,21285,0.998826842
4200083,21200,0.994604738, ,4188533,21285,0.998826842, ,91.23213,21200,0.994604738, ,89.059809,21285,0.998826842
4200092,21195,0.994370162, ,4188526,21285,0.998826842, ,91.233447,21195,0.994370162, ,89.058304,21285,0.998826842
4200100,21195,0.994370162, ,4188517,21285,0.998826842, ,91.234953,21195,0.994370162, ,89.056798,21285,0.998826842
4200107,21195,0.994370162, ,4188510,21285,0.998826842, ,91.236459,21195,0.994370162, ,89.055292,21285,0.998826842
4200115,21195,0.994370162, ,4188501,21285,0.998826842, ,91.237965,21195,0.994370162, ,89.053786,21285,0.998826842
4200123,21195,0.994370162, ,4188493,21285,0.998826842, ,91.23947,21195,0.994370162, ,89.05228,21285,0.998826842
4200131,21195,0.994370162, ,4188485,21285,0.998826842, ,91.240976,21195,0.994370162, ,89.050775,21285,0.998826842
4200139,21195,0.994370162, ,4188477,21285,0.998826842, ,91.242482,21195,0.994370162, ,89.049269,21285,0.998826842
4200146,21195,0.994370162, ,4188469,21285,0.998826842, ,91.2438,21195,0.994370162, ,89.047763,21285,0.998826842
4200154,21195,0.994370162, ,4188461,21285,0.998826842, ,91.245305,21195,0.994370162, ,89.046257,21285,0.998826842
4200163,21195,0.994370162, ,4188453,21285,0.998826842, ,91.246811,21195,0.994370162, ,89.044751,21285,0.998826842
4200170,21195,0.994370162, ,4188445,21285,0.998826842, ,91.248505,21195,0.994370162, ,89.043246,21285,0.998826842
4200179,21195,0.994370162, ,4188438,21285,0.998826842, ,91.249823,21195,0.994370162, ,89.04174,21285,0.998826842
4200186,21195,0.994370162, ,4188429,21285,0.998826842, ,91.251329,21195,0.994370162, ,89.040234,21285,0.998826842
4200195,21195,0.994370162, ,4188422,21285,0.998826842, ,91.252834,21195,0.994370162, ,89.038728,21285,0.998826842
4200202,21195,0.994370162, ,4188414,21285,0.998826842, ,91.25434,21195,0.994370162, ,89.037222,21285,0.998826842
4200211,21195,0.994370162, ,4188405,21285,0.998826842, ,91.255846,21195,0.994370162, ,89.035716,21285,0.998826842
4200218,21195,0.994370162, ,4188398,21285,0.998826842, ,91.257352,21195,0.994370162, ,89.034211,21285,0.998826842
4200226,21195,0.994370162, ,4188389,21285,0.998826842, ,91.258858,21195,0.994370162, ,89.032705,21285,0.998826842
4200234,21195,0.994370162, ,4188381,21285,0.998826842, ,91.260364,21195,0.994370162, ,89.031199,21285,0.998826842
4200242,21195,0.994370162, ,4188374,21285,0.998826842, ,91.261869,21195,0.994370162, ,89.029693,21285,0.998826842
4200250,21195,0.994370162, ,4188365,21285,0.998826842, ,91.263375,21195,0.994370162, ,89.028187,21285,0.998826842
4200258,21195,0.994370162, ,4188357,21285,0.998826842, ,91.264693,21195,0.994370162, ,89.026682,21285,0.998826842
4200266,21195,0.994370162, ,4188349,21285,0.998826842, ,91.266199,21195,0.994370162, ,89.025176,21285,0.998826842
4200274,21195,0.994370162, ,4188341,21285,0.998826842, ,91.267704,21195,0.994370162, ,89.023482,21285,0.998826842
4200282,21195,0.994370162, ,4188333,21285,0.998826842, ,91.269398,21195,0.994370162, ,89.021976,21285,0.998826842
4200290,21195,0.994370162, ,4188325,21285,0.998826842, ,91.270904,21195,0.994370162, ,89.02047,21285,0.998826842
4200299,21195,0.994370162, ,4188317,21285,0.998826842, ,91.27241,21195,0.994370162, ,89.018964,21285,0.998826842
4200307,21195,0.994370162, ,4188309,21285,0.998826842, ,91.273916,21195,0.994370162, ,89.017459,21285,0.998826842
4200315,21195,0.994370162, ,4188301,21285,0.998826842, ,91.275422,21195,0.994370162, ,89.015953,21285,0.998826842
4200323,21195,0.994370162, ,4188293,21285,0.998826842, ,91.277116,21195,0.994370162, ,89.014447,21285,0.998826842
4200332,21195,0.994370162, ,4188285,21285,0.998826842, ,91.278621,21195,0.994370162, ,89.012941,21285,0.998826842
4200340,21195,0.994370162, ,4188277,21285,0.998826842, ,91.280127,21195,0.994370162, ,89.011435,21285,0.998826842
4200348,21195,0.994370162, ,4188269,21285,0.998826842, ,91.281633,21195,0.994370162, ,89.009929,21285,0.998826842
4200356,21195,0.994370162, ,4188261,21285,0.998826842, ,91.283327,21195,0.994370162, ,89.008612,21285,0.998826842
4200364,21195,0.994370162, ,4188253,21285,0.998826842, ,91.284833,21195,0.994370162, ,89.006918,21285,0.998826842
4200372,21195,0.994370162, ,4188245,21285,0.998826842, ,91.286339,21195,0.994370162, ,89.0056,21285,0.998826842
4200380,21195,0.994370162, ,4188237,21285,0.998826842, ,91.287845,21195,0.994370162, ,89.004094,21285,0.998826842
4200388,21195,0.994370162, ,4188229,21285,0.998826842, ,91.28935,21195,0.994370162, ,89.0024,21285,0.998826842
4200396,21195,0.994370162, ,4188221,21285,0.998826842, ,91.290856,21195,0.994370162, ,89.000895,21285,0.998826842
4200404,21195,0.994370162, ,4188213,21285,0.998826842, ,91.292174,21195,0.994370162, ,88.999389,21285,0.998826842
4200411,21195,0.994370162, ,4188205,21285,0.998826842, ,91.29368,21195,0.994370162, ,88.997883,21285,0.998826842
4200420,21195,0.994370162, ,4188197,21285,0.998826842, ,91.295185,21195,0.994370162, ,88.996377,21285,0.998826842
4200427,21195,0.994370162, ,4188188,21285,0.998826842, ,91.296691,21195,0.994370162, ,88.994871,21285,0.998826842
4200435,21195,0.994370162, ,4188180,21285,0.998826842, ,91.298197,21195,0.994370162, ,88.993366,21285,0.998826842
4200443,21195,0.994370162, ,4188172,21285,0.998826842, ,91.299703,21195,0.994370162, ,88.991672,21285,0.998826842
4200451,21190,0.994135585, ,4188164,21285,0.998826842, ,91.301209,21190,0.994135585, ,88.990166,21285,0.998826842
4200460,21190,0.994135585, ,4188155,21285,0.998826842, ,91.302903,21190,0.994135585, ,88.98866,21285,0.998826842
4200468,21190,0.994135585, ,4188147,21285,0.998826842, ,91.304408,21190,0.994135585, ,88.987154,21285,0.998826842
4200475,21190,0.994135585, ,4188140,21285,0.998826842, ,91.305726,21190,0.994135585, ,88.985648,21285,0.998826842
4200483,21190,0.994135585, ,4188132,21285,0.998826842, ,91.307232,21190,0.994135585, ,88.984142,21285,0.998826842
4200491,21190,0.994135585, ,4188124,21285,0.998826842, ,91.308738,21190,0.994135585, ,88.982637,21285,0.998826842
4200499,21190,0.994135585, ,4188115,21290,0.999061473, ,91.310055,21190,0.994135585, ,88.981131,21290,0.999061473
4200506,21190,0.994135585, ,4188107,21290,0.999061473, ,91.311561,21190,0.994135585, ,88.979625,21290,0.999061473
4200514,21190,0.994135585, ,4188099,21290,0.999061473, ,91.313067,21190,0.994135585, ,88.978119,21290,0.999061473
4200521,21190,0.994135585, ,4188091,21290,0.999061473, ,91.314384,21190,0.994135585, ,88.976425,21290,0.999061473
4200529,21190,0.994135585, ,4188083,21290,0.999061473, ,91.31589,21190,0.994135585, ,88.974919,21290,0.999061473
4200536,21190,0.994135585, ,4188075,21290,0.999061473, ,91.317208,21190,0.994135585, ,88.973414,21290,0.999061473
4200544,21190,0.994135585, ,4188067,21290,0.999061473, ,91.318714,21190,0.994135585, ,88.971908,21290,0.999061473
4200552,21190,0.994135585, ,4188058,21290,0.999061473, ,91.320219,21190,0.994135585, ,88.970402,21290,0.999061473
4200560,21190,0.994135585, ,4188050,21290,0.999061473, ,91.321725,21190,0.994135585, ,88.968896,21290,0.999061473
4200568,21190,0.994135585, ,4188042,21290,0.999061473, ,91.323231,21190,0.994135585, ,88.96739,21290,0.999061473
4200576,21190,0.994135585, ,4188034,21290,0.999061473, ,91.324549,21190,0.994135585, ,88.965885,21290,0.999061473
4200584,21190,0.994135585, ,4188026,21290,0.999061473, ,91.326243,21190,0.994135585, ,88.964379,21290,0.999061473
4200592,21190,0.994135585, ,4188019,21290,0.999061473, ,91.32756,21190,0.994135585, ,88.962873,21290,0.999061473
4200599,21190,0.994135585, ,4188011,21290,0.999061473, ,91.329066,21190,0.994135585, ,88.961367,21290,0.999061473
4200608,21190,0.994135585, ,4188003,21290,0.999061473, ,91.330572,21190,0.994135585, ,88.959861,21290,0.999061473
4200615,21190,0.994135585, ,4187995,21290,0.999061473, ,91.332078,21190,0.994135585, ,88.958355,21290,0.999061473
4200623,21190,0.994135585, ,4187987,21290,0.999061473, ,91.333584,21190,0.994135585, ,88.95685,21290,0.999061473
4200631,21190,0.994135585, ,4187979,21290,0.999061473, ,91.335089,21190,0.994135585, ,88.955344,21290,0.999061473
4200639,21190,0.994135585, ,4187971,21290,0.999061473, ,91.336595,21190,0.994135585, ,88.953838,21290,0.999061473
4200647,21190,0.994135585, ,4187963,21290,0.999061473, ,91.338101,21190,0.994135585, ,88.952332,21290,0.999061473
4200655,21190,0.994135585, ,4187955,21290,0.999061473, ,91.339607,21190,0.994135585, ,88.951015,21290,0.999061473
4200663,21190,0.994135585, ,4187947,21290,0.999061473, ,91.341113,21190,0.994135585, ,88.949321,21290,0.999061473
4200670,21190,0.994135585, ,4187939,21290,0.999061473, ,91.34243,21190,0.994135585, ,88.947815,21290,0.999061473
4200678,21190,0.994135585, ,4187931,21290,0.999061473, ,91.343936,21190,0.994135585, ,88.946309,21290,0.999061473
4200686,21190,0.994135585, ,4187923,21290,0.999061473, ,91.345442,21190,0.994135585, ,88.944803,21290,0.999061473
4200694,21190,0.994135585, ,4187915,21290,0.999061473, ,91.346948,21190,0.994135585, ,88.943297,21290,0.999061473
4200702,21190,0.994135585, ,4187907,21290,0.999061473, ,91.348453,21190,0.994135585, ,88.941792,21290,0.999061473
4200710,21190,0.994135585, ,4187899,21290,0.999061473, ,91.349959,21190,0.994135585, ,88.940286,21290,0.999061473
4200718,21190,0.994135585, ,4187891,21290,0.999061473, ,91.351465,21190,0.994135585, ,88.93878,21290,0.999061473
4200726,21190,0.994135585, ,4187883,21290,0.999061473, ,91.352971,21190,0.994135585, ,88.937274,21290,0.999061473
4200734,21190,0.994135585, ,4187875,21290,0.999061473, ,91.354477,21190,0.994135585, ,88.935768,21290,0.999061473
4200742,21190,0.994135585, ,4187867,21290,0.999061473, ,91.355982,21190,0.994135585, ,88.934451,21290,0.999061473
4200749,21190,0.994135585, ,4187859,21290,0.999061473, ,91.357488,21190,0.994135585, ,88.932945,21290,0.999061473
4200758,21190,0.994135585, ,4187851,21290,0.999061473, ,91.358806,21190,0.994135585, ,88.931251,21290,0.999061473
4200765,21190,0.994135585, ,4187843,21290,0.999061473, ,91.360312,21190,0.994135585, ,88.929745,21290,0.999061473
4200773,21190,0.994135585, ,4187835,21290,0.999061473, ,91.361818,21190,0.994135585, ,88.928239,21290,0.999061473
4200781,21190,0.994135585, ,4187827,21290,0.999061473, ,91.363323,21190,0.994135585, ,88.926733,21290,0.999061473
4200789,21190,0.994135585, ,4187819,21290,0.999061473, ,91.364829,21190,0.994135585, ,88.925228,21290,0.999061473
4200796,21190,0.994135585, ,4187811,21290,0.999061473, ,91.366147,21190,0.994135585, ,88.923722,21290,0.999061473
4200805,21190,0.994135585, ,4187802,21290,0.999061473, ,91.367653,21190,0.994135585, ,88.922216,21290,0.999061473
4200813,21190,0.994135585, ,4187794,21290,0.999061473, ,91.369158,21190,0.994135585, ,88.92071,21290,0.999061473
4200820,21190,0.994135585, ,4187786,21290,0.999061473, ,91.370664,21190,0.994135585, ,88.919204,21290,0.999061473
4200829,21190,0.994135585, ,4187778,21290,0.999061473, ,91.37217,21190,0.994135585, ,88.91751,21290,0.999061473
4200837,21190,0.994135585, ,4187770,21290,0.999061473, ,91.373864,21190,0.994135585, ,88.916005,21290,0.999061473
4200845,21190,0.994135585, ,4187762,21290,0.999061473, ,91.37537,21190,0.994135585, ,88.914499,21290,0.999061473
4200854,21190,0.994135585, ,4187754,21290,0.999061473, ,91.376876,21190,0.994135585, ,88.913181,21290,0.999061473
4200862,21190,0.994135585, ,4187746,21290,0.999061473, ,91.378381,21190,0.994135585, ,88.911675,21290,0.999061473
4200870,21190,0.994135585, ,4187738,21290,0.999061473, ,91.379887,21190,0.994135585, ,88.91017,21290,0.999061473
4200878,21190,0.994135585, ,4187730,21290,0.999061473, ,91.381581,21190,0.994135585, ,88.908664,21290,0.999061473
4200886,21190,0.994135585, ,4187722,21290,0.999061473, ,91.383087,21190,0.994135585, ,88.907158,21290,0.999061473
4200895,21190,0.994135585, ,4187715,21290,0.999061473, ,91.384593,21190,0.994135585, ,88.905652,21290,0.999061473
4200903,21185,0.993901009, ,4187707,21290,0.999061473, ,91.386099,21185,0.993901009, ,88.904146,21290,0.999061473
4200911,21185,0.993901009, ,4187699,21290,0.999061473, ,91.387793,21185,0.993901009, ,88.90264,21290,0.999061473
4200919,21185,0.993901009, ,4187691,21290,0.999061473, ,91.389299,21185,0.993901009, ,88.901135,21290,0.999061473
4200927,21185,0.993901009, ,4187683,21290,0.999061473, ,91.390804,21185,0.993901009, ,88.899629,21290,0.999061473
4200935,21185,0.993901009, ,4187675,21290,0.999061473, ,91.39231,21185,0.993901009, ,88.898123,21290,0.999061473
4200943,21185,0.993901009, ,4187667,21290,0.999061473, ,91.393816,21185,0.993901009, ,88.896617,21290,0.999061473
4200951,21185,0.993901009, ,4187659,21290,0.999061473, ,91.395322,21185,0.993901009, ,88.895111,21290,0.999061473
4200959,21185,0.993901009, ,4187651,21290,0.999061473, ,91.396828,21185,0.993901009, ,88.893606,21290,0.999061473
4200968,21185,0.993901009, ,4187643,21290,0.999061473, ,91.398333,21185,0.993901009, ,88.892288,21290,0.999061473
4200976,21185,0.993901009, ,4187636,21290,0.999061473, ,91.400027,21185,0.993901009, ,88.890782,21290,0.999061473
4200984,21185,0.993901009, ,4187628,21290,0.999061473, ,91.401533,21185,0.993901009, ,88.889276,21290,0.999061473
4200992,21185,0.993901009, ,4187620,21290,0.999061473, ,91.403039,21185,0.993901009, ,88.887771,21290,0.999061473
4201001,21185,0.993901009, ,4187612,21290,0.999061473, ,91.404545,21185,0.993901009, ,88.886453,21290,0.999061473
4201009,21185,0.993901009, ,4187605,21290,0.999061473, ,91.406051,21185,0.993901009, ,88.884947,21290,0.999061473
4201017,21185,0.993901009, ,4187597,21290,0.999061473, ,91.407745,21185,0.993901009, ,88.883441,21290,0.999061473
4201025,21185,0.993901009, ,4187589,21290,0.999061473, ,91.409251,21185,0.993901009, ,88.882124,21290,0.999061473
4201033,21180,0.993666432, ,4187582,21290,0.999061473, ,91.410756,21180,0.993666432, ,88.880618,21290,0.999061473
4201041,21180,0.993666432, ,4187574,21290,0.999061473, ,91.412262,21180,0.993666432, ,88.879112,21290,0.999061473
4201049,21180,0.993666432, ,4187566,21290,0.999061473, ,91.41358,21180,0.993666432, ,88.877606,21290,0.999061473
4201057,21180,0.993666432, ,4187558,21290,0.999061473, ,91.415274,21180,0.993666432, ,88.876101,21290,0.999061473
4201065,21180,0.993666432, ,4187551,21290,0.999061473, ,91.416591,21180,0.993666432, ,88.874783,21290,0.999061473
4201073,21180,0.993666432, ,4187543,21290,0.999061473, ,91.418097,21180,0.993666432, ,88.873277,21290,0.999061473
4201081,21180,0.993666432, ,4187534,21290,0.999061473, ,91.419791,21180,0.993666432, ,88.871771,21290,0.999061473
4201089,21180,0.993666432, ,4187527,21290,0.999061473, ,91.421297,21180,0.993666432, ,88.870266,21290,0.999061473
4201097,21180,0.993666432, ,4187520,21290,0.999061473, ,91.422803,21180,0.993666432, ,88.868948,21290,0.999061473
4201105,21180,0.993666432, ,4187512,21290,0.999061473, ,91.424309,21180,0.993666432, ,88.867442,21290,0.999061473
4201114,21180,0.993666432, ,4187504,21290,0.999061473, ,91.425814,21180,0.993666432, ,88.866125,21290,0.999061473
4201122,21180,0.993666432, ,4187497,21290,0.999061473, ,91.427509,21180,0.993666432, ,88.864619,21290,0.999061473
4201131,21180,0.993666432, ,4187489,21290,0.999061473, ,91.429014,21180,0.993666432, ,88.863113,21290,0.999061473
4201139,21180,0.993666432, ,4187481,21290,0.999061473, ,91.43052,21180,0.993666432, ,88.861607,21290,0.999061473
4201147,21180,0.993666432, ,4187474,21290,0.999061473, ,91.432214,21180,0.993666432, ,88.86029,21290,0.999061473
4201155,21180,0.993666432, ,4187466,21290,0.999061473, ,91.43372,21180,0.993666432, ,88.858784,21290,0.999061473
4201163,21180,0.993666432, ,4187458,21290,0.999061473, ,91.435226,21180,0.993666432, ,88.857466,21290,0.999061473
4201171,21180,0.993666432, ,4187450,21290,0.999061473, ,91.436732,21180,0.993666432, ,88.85596,21290,0.999061473
4201180,21180,0.993666432, ,4187443,21290,0.999061473, ,91.438426,21180,0.993666432, ,88.854455,21290,0.999061473
4201188,21180,0.993666432, ,4187435,21290,0.999061473, ,91.439931,21180,0.993666432, ,88.852949,21290,0.999061473
4201196,21180,0.993666432, ,4187427,21290,0.999061473, ,91.441437,21180,0.993666432, ,88.851443,21290,0.999061473
4201204,21180,0.993666432, ,4187419,21290,0.999061473, ,91.442943,21180,0.993666432, ,88.850125,21290,0.999061473
4201212,21180,0.993666432, ,4187412,21290,0.999061473, ,91.444261,21180,0.993666432, ,88.84862,21290,0.999061473
4201220,21180,0.993666432, ,4187403,21290,0.999061473, ,91.445955,21180,0.993666432, ,88.846925,21290,0.999061473
4201228,21180,0.993666432, ,4187395,21290,0.999061473, ,91.44746,21180,0.993666432, ,88.845608,21290,0.999061473
4201237,21180,0.993666432, ,4187388,21290,0.999061473, ,91.448966,21180,0.993666432, ,88.843914,21290,0.999061473
4201245,21180,0.993666432, ,4187380,21290,0.999061473, ,91.45066,21180,0.993666432, ,88.842596,21290,0.999061473
4201253,21180,0.993666432, ,4187371,21290,0.999061473, ,91.452166,21180,0.993666432, ,88.84109,21290,0.999061473
4201261,21180,0.993666432, ,4187364,21290,0.999061473, ,91.453672,21180,0.993666432, ,88.839585,21290,0.999061473
4201269,21180,0.993666432, ,4187354,21290,0.999061473, ,91.455178,21180,0.993666432, ,88.838079,21290,0.999061473
4201277,21180,0.993666432, ,4187347,21290,0.999061473, ,91.456684,21180,0.993666432, ,88.836385,21290,0.999061473
4201285,21180,0.993666432, ,4187339,21290,0.999061473, ,91.458001,21180,0.993666432, ,88.834879,21290,0.999061473
4201293,21180,0.993666432, ,4187331,21290,0.999061473, ,91.459695,21180,0.993666432, ,88.833373,21290,0.999061473
4201301,21180,0.993666432, ,4187323,21290,0.999061473, ,91.461013,21180,0.993666432, ,88.831867,21290,0.999061473
4201308,21180,0.993666432, ,4187315,21290,0.999061473, ,91.462519,21180,0.993666432, ,88.830362,21290,0.999061473
4201316,21180,0.993666432, ,4187307,21290,0.999061473, ,91.464024,21180,0.993666432, ,88.828856,21290,0.999061473
4201324,21180,0.993666432, ,4187299,21290,0.999061473, ,91.46553,21180,0.993666432, ,88.82735,21290,0.999061473
4201331,21180,0.993666432, ,4187291,21290,0.999061473, ,91.466848,21180,0.993666432, ,88.825844,21290,0.999061473
4201339,21175,0.993431856, ,4187283,21290,0.999061473, ,91.468354,21175,0.993431856, ,88.824338,21290,0.999061473
4201347,21175,0.993431856, ,4187274,21290,0.999061473, ,91.469859,21175,0.993431856, ,88.822833,21290,0.999061473
4201355,21175,0.993431856, ,4187266,21290,0.999061473, ,91.471365,21175,0.993431856, ,88.821327,21290,0.999061473
4201363,21175,0.993431856, ,4187258,21290,0.999061473, ,91.472871,21175,0.993431856, ,88.819821,21290,0.999061473
4201371,21175,0.993431856, ,4187250,21290,0.999061473, ,91.474189,21175,0.993431856, ,88.818315,21290,0.999061473
4201379,21175,0.993431856, ,4187242,21290,0.999061473, ,91.475883,21175,0.993431856, ,88.816809,21290,0.999061473
4201387,21175,0.993431856, ,4187234,21290,0.999061473, ,91.477388,21175,0.993431856, ,88.815303,21290,0.999061473
4201395,21175,0.993431856, ,4187227,21290,0.999061473, ,91.478894,21175,0.993431856, ,88.813798,21290,0.999061473
4201403,21175,0.993431856, ,4187219,21290,0.999061473, ,91.4804,21175,0.993431856, ,88.812292,21290,0.999061473
4201411,21175,0.993431856, ,4187211,21290,0.999061473, ,91.481906,21175,0.993431856, ,88.810786,21290,0.999061473
4201419,21175,0.993431856, ,4187203,21290,0.999061473, ,91.483412,21175,0.993431856, ,88.80928,21290,0.999061473
4201428,21175,0.993431856, ,4187195,21290,0.999061473, ,91.484918,21175,0.993431856, ,88.807774,21290,0.999061473
4201435,21175,0.993431856, ,4187187,21290,0.999061473, ,91.486423,21175,0.993431856, ,88.806457,21290,0.999061473
4201443,21175,0.993431856, ,4187179,21290,0.999061473, ,91.487929,21175,0.993431856, ,88.804951,21290,0.999061473
4201451,21175,0.993431856, ,4187171,21290,0.999061473, ,91.489435,21175,0.993431856, ,88.803445,21290,0.999061473
4201459,21175,0.993431856, ,4187164,21290,0.999061473, ,91.490941,21175,0.993431856, ,88.801939,21290,0.999061473
4201467,21175,0.993431856, ,4187155,21290,0.999061473, ,91.492447,21175,0.993431856, ,88.800434,21290,0.999061473
4201475,21175,0.993431856, ,4187148,21290,0.999061473, ,91.493952,21175,0.993431856, ,88.798928,21290,0.999061473
4201483,21175,0.993431856, ,4187140,21290,0.999061473, ,91.495458,21175,0.993431856, ,88.797422,21290,0.999061473
4201491,21175,0.993431856, ,4187132,21290,0.999061473, ,91.496964,21175,0.993431856, ,88.795916,21290,0.999061473
4201498,21175,0.993431856, ,4187124,21290,0.999061473, ,91.498282,21175,0.993431856, ,88.79441,21290,0.999061473
4201506,21175,0.993431856, ,4187116,21290,0.999061473, ,91.499787,21175,0.993431856, ,88.792905,21290,0.999061473
4201514,21175,0.993431856, ,4187108,21290,0.999061473, ,91.501293,21175,0.993431856, ,88.791399,21290,0.999061473
4201522,21170,0.993197279, ,4187100,21290,0.999061473, ,91.502799,21170,0.993197279, ,88.789893,21290,0.999061473
4201530,21170,0.993197279, ,4187092,21290,0.999061473, ,91.504305,21170,0.993197279, ,88.788575,21290,0.999061473
4201538,21170,0.993197279, ,4187084,21290,0.999061473, ,91.505811,21170,0.993197279, ,88.78707,21290,0.999061473
4201546,21170,0.993197279, ,4187076,21290,0.999061473, ,91.507316,21170,0.993197279, ,88.785564,21290,0.999061473
4201554,21170,0.993197279, ,4187069,21290,0.999061473, ,91.508822,21170,0.993197279, ,88.784058,21290,0.999061473
4201561,21170,0.993197279, ,4187061,21290,0.999061473, ,91.51014,21170,0.993197279, ,88.782552,21290,0.999061473
4201569,21170,0.993197279, ,4187053,21290,0.999061473, ,91.511646,21170,0.993197279, ,88.781046,21290,0.999061473
4201577,21170,0.993197279, ,4187045,21290,0.999061473, ,91.513151,21170,0.993197279, ,88.77954,21290,0.999061473
4201585,21170,0.993197279, ,4187037,21290,0.999061473, ,91.514657,21170,0.993197279, ,88.778223,21290,0.999061473
4201592,21170,0.993197279, ,4187029,21290,0.999061473, ,91.515975,21170,0.993197279, ,88.776717,21290,0.999061473
4201600,21170,0.993197279, ,4187021,21290,0.999061473, ,91.517481,21170,0.993197279, ,88.775023,21290,0.999061473
4201608,21170,0.993197279, ,4187013,21290,0.999061473, ,91.518987,21170,0.993197279, ,88.773705,21290,0.999061473
4201616,21170,0.993197279, ,4187005,21290,0.999061473, ,91.520304,21170,0.993197279, ,88.7722,21290,0.999061473
4201623,21170,0.993197279, ,4186997,21290,0.999061473, ,91.52181,21170,0.993197279, ,88.770506,21290,0.999061473
4201631,21170,0.993197279, ,4186989,21290,0.999061473, ,91.523316,21170,0.993197279, ,88.769,21290,0.999061473
4201639,21170,0.993197279, ,4186981,21290,0.999061473, ,91.524633,21170,0.993197279, ,88.767494,21290,0.999061473
4201646,21170,0.993197279, ,4186973,21290,0.999061473, ,91.526327,21170,0.993197279, ,88.765988,21290,0.999061473
4201655,21170,0.993197279, ,4186965,21290,0.999061473, ,91.527645,21170,0.993197279, ,88.764482,21290,0.999061473
4201663,21170,0.993197279, ,4186956,21290,0.999061473, ,91.529151,21170,0.993197279, ,88.762977,21290,0.999061473
4201671,21170,0.993197279, ,4186948,21290,0.999061473, ,91.530845,21170,0.993197279, ,88.761471,21290,0.999061473
4201679,21170,0.993197279, ,4186940,21290,0.999061473, ,91.532351,21170,0.993197279, ,88.759965,21290,0.999061473
4201687,21170,0.993197279, ,4186932,21290,0.999061473, ,91.533856,21170,0.993197279, ,88.758459,21290,0.999061473
4201694,21170,0.993197279, ,4186924,21290,0.999061473, ,91.535362,21170,0.993197279, ,88.756953,21290,0.999061473
4201703,21170,0.993197279, ,4186916,21290,0.999061473, ,91.536868,21170,0.993197279, ,88.755447,21290,0.999061473
4201711,21170,0.993197279, ,4186908,21290,0.999061473, ,91.538374,21170,0.993197279, ,88.753942,21290,0.999061473
4201719,21170,0.993197279, ,4186900,21290,0.999061473, ,91.53988,21170,0.993197279, ,88.752436,21290,0.999061473
4201727,21170,0.993197279, ,4186892,21290,0.999061473, ,91.541385,21170,0.993197279, ,88.75093,21290,0.999061473
4201735,21170,0.993197279, ,4186884,21290,0.999061473, ,91.542891,21170,0.993197279, ,88.749424,21290,0.999061473
4201743,21170,0.993197279, ,4186876,21290,0.999061473, ,91.544397,21170,0.993197279, ,88.747918,21290,0.999061473
4201751,21170,0.993197279, ,4186868,21290,0.999061473, ,91.545903,21170,0.993197279, ,88.746413,21290,0.999061473
4201759,21170,0.993197279, ,4186860,21290,0.999061473, ,91.547409,21170,0.993197279, ,88.744907,21290,0.999061473
4201767,21170,0.993197279, ,4186852,21290,0.999061473, ,91.548914,21170,0.993197279, ,88.743213,21290,0.999061473
4201775,21170,0.993197279, ,4186843,21290,0.999061473, ,91.55042,21170,0.993197279, ,88.741707,21290,0.999061473
4201783,21170,0.993197279, ,4186835,21290,0.999061473, ,91.551926,21170,0.993197279, ,88.740201,21290,0.999061473
4201791,21170,0.993197279, ,4186828,21290,0.999061473, ,91.553432,21170,0.993197279, ,88.738695,21290,0.999061473
4201800,21170,0.993197279, ,4186819,21290,0.999061473, ,91.554938,21170,0.993197279, ,88.73719,21290,0.999061473
4201808,21170,0.993197279, ,4186811,21290,0.999061473, ,91.556444,21170,0.993197279, ,88.735684,21290,0.999061473
4201815,21170,0.993197279, ,4186803,21290,0.999061473, ,91.557949,21170,0.993197279, ,88.734178,21290,0.999061473
4201824,21170,0.993197279, ,4186795,21290,0.999061473, ,91.559455,21170,0.993197279, ,88.732672,21290,0.999061473
4201831,21170,0.993197279, ,4186787,21290,0.999061473, ,91.560961,21170,0.993197279, ,88.731166,21290,0.999061473
4201839,21170,0.993197279, ,4186779,21290,0.999061473, ,91.562467,21170,0.993197279, ,88.72966,21290,0.999061473
4201847,21170,0.993197279, ,4186771,21290,0.999061473, ,91.563973,21170,0.993197279, ,88.728155,21290,0.999061473
4201855,21170,0.993197279, ,4186763,21290,0.999061473, ,91.565478,21170,0.993197279, ,88.726649,21290,0.999061473
4201863,21170,0.993197279, ,4186755,21290,0.999061473, ,91.566984,21170,0.993197279, ,88.725143,21290,0.999061473
4201871,21170,0.993197279, ,4186747,21290,0.999061473, ,91.56849,21170,0.993197279, ,88.723449,21290,0.999061473
4201879,21170,0.993197279, ,4186739,21290,0.999061473, ,91.569996,21170,0.993197279, ,88.721943,21290,0.999061473
4201886,21170,0.993197279, ,4186731,21290,0.999061473, ,91.571313,21170,0.993197279, ,88.720437,21290,0.999061473
4201894,21170,0.993197279, ,4186723,21290,0.999061473, ,91.573007,21170,0.993197279, ,88.718932,21290,0.999061473
4201902,21170,0.993197279, ,4186714,21290,0.999061473, ,91.574325,21170,0.993197279, ,88.717426,21290,0.999061473
4201910,21170,0.993197279, ,4186706,21290,0.999061473, ,91.575831,21170,0.993197279, ,88.71592,21290,0.999061473
4201918,21170,0.993197279, ,4186698,21290,0.999061473, ,91.577337,21170,0.993197279, ,88.714414,21290,0.999061473
4201926,21170,0.993197279, ,4186690,21290,0.999061473, ,91.578842,21170,0.993197279, ,88.712908,21290,0.999061473
4201934,21170,0.993197279, ,4186682,21290,0.999061473, ,91.580348,21170,0.993197279, ,88.711403,21290,0.999061473
4201942,21170,0.993197279, ,4186674,21290,0.999061473, ,91.581854,21170,0.993197279, ,88.709897,21290,0.999061473
4201951,21170,0.993197279, ,4186666,21290,0.999061473, ,91.58336,21170,0.993197279, ,88.708391,21290,0.999061473
4201958,21170,0.993197279, ,4186658,21290,0.999061473, ,91.584866,21170,0.993197279, ,88.706885,21290,0.999061473
4201966,21170,0.993197279, ,4186651,21290,0.999061473, ,91.586372,21170,0.993197279, ,88.705379,21290,0.999061473
4201975,21170,0.993197279, ,4186643,21290,0.999061473, ,91.587877,21170,0.993197279, ,88.703873,21290,0.999061473
4201982,21170,0.993197279, ,4186635,21290,0.999061473, ,91.589383,21170,0.993197279, ,88.702368,21290,0.999061473
4201990,21170,0.993197279, ,4186627,21290,0.999061473, ,91.590889,21170,0.993197279, ,88.70105,21290,0.999061473
4201997,21170,0.993197279, ,4186619,21290,0.999061473, ,91.592395,21170,0.993197279, ,88.699544,21290,0.999061473
4202006,21170,0.993197279, ,4186612,21290,0.999061473, ,91.593901,21170,0.993197279, ,88.698038,21290,0.999061473
4202015,21170,0.993197279, ,4186604,21290,0.999061473, ,91.595406,21170,0.993197279, ,88.696533,21290,0.999061473
,,,,,,,,,,,,,,
,,,,,,,,,,,,,,
p1, pressed_avg: ,2497.050969, pressed_min: ,0.787004457, avg-min: ,2496.263964,,,,,,,,
p2, pressed_avg: ,2503.074649, pressed_min: ,0.785781323, avg-min: ,2502.288868,,,,,,,,
